seed,firstsolutionstategy,localsearchmetaheuristic,solution_limit,time_limit,patrolling_time_per_location,total_km,calculation_time,n_vehicles,n_visited_patrol_locations,n_patrol_locations,n_emergencies,n_emergencies_per_vehicle,n_missed_emergencies,attended_emergency_time,total_emergency_time,travel_times,total_travel_time,travel_distances,total_travel_distance,unique_distance,coverage,reaction_times
1688453755110999107,PATH_CHEAPEST_ARC,GUIDED_LOCAL_SEARCH,100,1,300,213.58648499999995,0.8785784519996014,4,30,30,0,"[0, 0, 0, 0]",0,0,0,"[838, 0, 0, 10601]",11439,"[2933.394, 0, 0, 25604.43]",28537.824,26544.433000000005,0.12427955354946738,[]
1688453759224752364,PATH_CHEAPEST_ARC,GUIDED_LOCAL_SEARCH,100,1,300,213.58648499999995,0.5543890700000702,4,30,30,0,"[0, 0, 0, 0]",0,0,0,"[838, 0, 0, 10601]",11439,"[2933.394, 0, 0, 25604.43]",28537.824,26544.433000000005,0.12427955354946738,[]
1688453565785997246,PATH_CHEAPEST_ARC,GUIDED_LOCAL_SEARCH,100,1,300,213.58648499999995,0.6382001840001976,4,30,30,0,"[0, 0, 0, 0]",0,0,0,"[838, 0, 0, 10601]",11439,"[2933.394, 0, 0, 25604.43]",28537.824,26544.433000000005,0.12427955354946738,[]
1688453757793905019,PATH_CHEAPEST_ARC,GUIDED_LOCAL_SEARCH,100,1,300,213.58648499999995,0.9747937439997258,4,30,30,0,"[0, 0, 0, 0]",0,0,0,"[838, 0, 0, 10601]",11439,"[2933.394, 0, 0, 25604.43]",28537.824,26544.433000000005,0.12427955354946738,[]
1688453750849184935,PATH_CHEAPEST_ARC,GUIDED_LOCAL_SEARCH,100,1,300,213.58648499999995,0.601066732000163,4,30,30,0,"[0, 0, 0, 0]",0,0,0,"[838, 0, 0, 10601]",11439,"[2933.394, 0, 0, 25604.43]",28537.824,26544.433000000005,0.12427955354946738,[]
1688453575088285089,PATH_CHEAPEST_ARC,GUIDED_LOCAL_SEARCH,100,1,300,213.58648499999995,0.7520266269998501,4,30,30,0,"[0, 0, 0, 0]",0,0,0,"[838, 0, 0, 10601]",11439,"[2933.394, 0, 0, 25604.43]",28537.824,26544.433000000005,0.12427955354946738,[]
1688453565279987562,PATH_CHEAPEST_ARC,GUIDED_LOCAL_SEARCH,100,1,300,213.58648499999995,0.8234518419999404,4,30,30,0,"[0, 0, 0, 0]",0,0,0,"[838, 0, 0, 10601]",11439,"[2933.394, 0, 0, 25604.43]",28537.824,26544.433000000005,0.12427955354946738,[]
1688454264739153197,PATH_CHEAPEST_ARC,GUIDED_LOCAL_SEARCH,100,1,300,213.58648499999995,0.5314356999997472,4,30,30,0,"[0, 0, 0, 0]",0,0,0,"[838, 0, 0, 10601]",11439,"[2933.394, 0, 0, 25604.43]",28537.824,26544.433000000005,0.12427955354946738,[]
1688454266721485701,PATH_CHEAPEST_ARC,GUIDED_LOCAL_SEARCH,100,1,300,213.58648499999995,0.5893426510001518,4,30,30,0,"[0, 0, 0, 0]",0,0,0,"[838, 0, 0, 10601]",11439,"[2933.394, 0, 0, 25604.43]",28537.824,26544.433000000005,0.12427955354946738,[]
1688453570055930021,PATH_CHEAPEST_ARC,GUIDED_LOCAL_SEARCH,100,1,300,213.58648499999995,0.7520507590002126,4,30,30,0,"[0, 0, 0, 0]",0,0,0,"[838, 0, 0, 10601]",11439,"[2933.394, 0, 0, 25604.43]",28537.824,26544.433000000005,0.12427955354946738,[]
1688453752726930451,PATH_CHEAPEST_ARC,GUIDED_LOCAL_SEARCH,100,1,300,213.58648499999995,0.5763094750000164,4,30,30,0,"[0, 0, 0, 0]",0,0,0,"[838, 0, 0, 10601]",11439,"[2933.394, 0, 0, 25604.43]",28537.824,26544.433000000005,0.12427955354946738,[]
1688454265883732982,PATH_CHEAPEST_ARC,GUIDED_LOCAL_SEARCH,100,1,300,213.58648499999995,0.5683987920001528,4,30,30,0,"[0, 0, 0, 0]",0,0,0,"[838, 0, 0, 10601]",11439,"[2933.394, 0, 0, 25604.43]",28537.824,26544.433000000005,0.12427955354946738,[]
1688453762791560484,PATH_CHEAPEST_ARC,GUIDED_LOCAL_SEARCH,100,1,300,213.58648499999995,0.5845050579996496,4,30,30,0,"[0, 0, 0, 0]",0,0,0,"[838, 0, 0, 10601]",11439,"[2933.394, 0, 0, 25604.43]",28537.824,26544.433000000005,0.12427955354946738,[]
1688453572820043379,PATH_CHEAPEST_ARC,GUIDED_LOCAL_SEARCH,100,1,300,213.58648499999995,0.6495361470001626,4,30,30,0,"[0, 0, 0, 0]",0,0,0,"[838, 0, 0, 10601]",11439,"[2933.394, 0, 0, 25604.43]",28537.824,26544.433000000005,0.12427955354946738,[]
1688453566453676516,PATH_CHEAPEST_ARC,GUIDED_LOCAL_SEARCH,100,1,300,213.58648499999995,0.9915448729998388,4,30,30,0,"[0, 0, 0, 0]",0,0,0,"[838, 0, 0, 10601]",11439,"[2933.394, 0, 0, 25604.43]",28537.824,26544.433000000005,0.12427955354946738,[]
1688454262725940270,PATH_CHEAPEST_ARC,GUIDED_LOCAL_SEARCH,100,1,300,213.58648499999995,0.5964342070001294,4,30,30,0,"[0, 0, 0, 0]",0,0,0,"[838, 0, 0, 10601]",11439,"[2933.394, 0, 0, 25604.43]",28537.824,26544.433000000005,0.12427955354946738,[]
1688453567032189127,PATH_CHEAPEST_ARC,GUIDED_LOCAL_SEARCH,100,1,300,213.58648499999995,0.6242020469999261,4,30,30,0,"[0, 0, 0, 0]",0,0,0,"[838, 0, 0, 10601]",11439,"[2933.394, 0, 0, 25604.43]",28537.824,26544.433000000005,0.12427955354946738,[]
1688454257610289825,PATH_CHEAPEST_ARC,GUIDED_LOCAL_SEARCH,100,1,300,213.58648499999995,0.6195216300002357,4,30,30,0,"[0, 0, 0, 0]",0,0,0,"[838, 0, 0, 10601]",11439,"[2933.394, 0, 0, 25604.43]",28537.824,26544.433000000005,0.12427955354946738,[]
1688454267061584278,PATH_CHEAPEST_ARC,GUIDED_LOCAL_SEARCH,100,1,300,213.58648499999995,0.7804213429999436,4,30,30,0,"[0, 0, 0, 0]",0,0,0,"[838, 0, 0, 10601]",11439,"[2933.394, 0, 0, 25604.43]",28537.824,26544.433000000005,0.12427955354946738,[]
1688454265330182533,PATH_CHEAPEST_ARC,GUIDED_LOCAL_SEARCH,100,1,300,213.58648499999995,0.5545842199999242,4,30,30,0,"[0, 0, 0, 0]",0,0,0,"[838, 0, 0, 10601]",11439,"[2933.394, 0, 0, 25604.43]",28537.824,26544.433000000005,0.12427955354946738,[]
1688454265885834648,PATH_CHEAPEST_ARC,GUIDED_LOCAL_SEARCH,100,1,300,213.58648499999995,0.578685468999538,4,30,30,0,"[0, 0, 0, 0]",0,0,0,"[838, 0, 0, 10601]",11439,"[2933.394, 0, 0, 25604.43]",28537.824,26544.433000000005,0.12427955354946738,[]
1688453757599208946,PATH_CHEAPEST_ARC,GUIDED_LOCAL_SEARCH,100,1,300,213.58648499999995,0.8391780179999841,4,30,30,0,"[0, 0, 0, 0]",0,0,0,"[838, 0, 0, 10601]",11439,"[2933.394, 0, 0, 25604.43]",28537.824,26544.433000000005,0.12427955354946738,[]
1688453757281270709,PATH_CHEAPEST_ARC,GUIDED_LOCAL_SEARCH,100,1,300,213.58648499999995,0.7629733649996524,4,30,30,0,"[0, 0, 0, 0]",0,0,0,"[838, 0, 0, 10601]",11439,"[2933.394, 0, 0, 25604.43]",28537.824,26544.433000000005,0.12427955354946738,[]
1688454256988629064,PATH_CHEAPEST_ARC,GUIDED_LOCAL_SEARCH,100,1,300,213.58648499999995,0.6201488219994644,4,30,30,0,"[0, 0, 0, 0]",0,0,0,"[838, 0, 0, 10601]",11439,"[2933.394, 0, 0, 25604.43]",28537.824,26544.433000000005,0.12427955354946738,[]
1688454258758643341,PATH_CHEAPEST_ARC,GUIDED_LOCAL_SEARCH,100,1,300,213.58648499999995,0.6306412459998683,4,30,30,0,"[0, 0, 0, 0]",0,0,0,"[838, 0, 0, 10601]",11439,"[2933.394, 0, 0, 25604.43]",28537.824,26544.433000000005,0.12427955354946738,[]
1688454259715957522,PATH_CHEAPEST_ARC,GUIDED_LOCAL_SEARCH,100,1,300,213.58648499999995,0.5416704069994012,4,30,30,0,"[0, 0, 0, 0]",0,0,0,"[838, 0, 0, 10601]",11439,"[2933.394, 0, 0, 25604.43]",28537.824,26544.433000000005,0.12427955354946738,[]
1688453567825048875,PATH_CHEAPEST_ARC,GUIDED_LOCAL_SEARCH,100,1,300,213.58648499999995,0.6403940269997292,4,30,30,0,"[0, 0, 0, 0]",0,0,0,"[838, 0, 0, 10601]",11439,"[2933.394, 0, 0, 25604.43]",28537.824,26544.433000000005,0.12427955354946738,[]
1688454261033038913,PATH_CHEAPEST_ARC,GUIDED_LOCAL_SEARCH,100,1,300,213.58648499999995,0.5211780189993078,4,30,30,0,"[0, 0, 0, 0]",0,0,0,"[838, 0, 0, 10601]",11439,"[2933.394, 0, 0, 25604.43]",28537.824,26544.433000000005,0.12427955354946738,[]
1688453751964608377,PATH_CHEAPEST_ARC,GUIDED_LOCAL_SEARCH,100,1,300,213.58648499999995,0.5576997420002954,4,30,30,0,"[0, 0, 0, 0]",0,0,0,"[838, 0, 0, 10601]",11439,"[2933.394, 0, 0, 25604.43]",28537.824,26544.433000000005,0.12427955354946738,[]
1688453757059811528,PATH_CHEAPEST_ARC,GUIDED_LOCAL_SEARCH,100,1,300,213.58648499999995,0.9463658009999563,4,30,30,0,"[0, 0, 0, 0]",0,0,0,"[838, 0, 0, 10601]",11439,"[2933.394, 0, 0, 25604.43]",28537.824,26544.433000000005,0.12427955354946738,[]
1688453761009616715,PATH_CHEAPEST_ARC,GUIDED_LOCAL_SEARCH,100,1,300,213.58648499999995,0.6454046679996281,4,30,30,0,"[0, 0, 0, 0]",0,0,0,"[838, 0, 0, 10601]",11439,"[2933.394, 0, 0, 25604.43]",28537.824,26544.433000000005,0.12427955354946738,[]
1688453562288612688,PATH_CHEAPEST_ARC,GUIDED_LOCAL_SEARCH,100,1,300,213.58648499999995,0.5903128339996329,4,30,30,0,"[0, 0, 0, 0]",0,0,0,"[838, 0, 0, 10601]",11439,"[2933.394, 0, 0, 25604.43]",28537.824,26544.433000000005,0.12427955354946738,[]
1688453569402503585,PATH_CHEAPEST_ARC,GUIDED_LOCAL_SEARCH,100,1,300,213.58648499999995,0.5845019919997867,4,30,30,0,"[0, 0, 0, 0]",0,0,0,"[838, 0, 0, 10601]",11439,"[2933.394, 0, 0, 25604.43]",28537.824,26544.433000000005,0.12427955354946738,[]
1688453563523152319,PATH_CHEAPEST_ARC,GUIDED_LOCAL_SEARCH,100,1,300,213.58648499999995,0.5836000399999648,4,30,30,0,"[0, 0, 0, 0]",0,0,0,"[838, 0, 0, 10601]",11439,"[2933.394, 0, 0, 25604.43]",28537.824,26544.433000000005,0.12427955354946738,[]
1688454254977784850,PATH_CHEAPEST_ARC,GUIDED_LOCAL_SEARCH,100,1,300,213.58648499999995,0.5770480000001044,4,30,30,0,"[0, 0, 0, 0]",0,0,0,"[838, 0, 0, 10601]",11439,"[2933.394, 0, 0, 25604.43]",28537.824,26544.433000000005,0.12427955354946738,[]
1688453749810915968,PATH_CHEAPEST_ARC,GUIDED_LOCAL_SEARCH,100,1,300,213.58648499999995,0.624167478000345,4,30,30,0,"[0, 0, 0, 0]",0,0,0,"[838, 0, 0, 10601]",11439,"[2933.394, 0, 0, 25604.43]",28537.824,26544.433000000005,0.12427955354946738,[]
1688454265568736294,PATH_CHEAPEST_ARC,GUIDED_LOCAL_SEARCH,100,1,300,213.58648499999995,0.6033070490002501,4,30,30,0,"[0, 0, 0, 0]",0,0,0,"[838, 0, 0, 10601]",11439,"[2933.394, 0, 0, 25604.43]",28537.824,26544.433000000005,0.12427955354946738,[]
1688453754954806783,PATH_CHEAPEST_ARC,GUIDED_LOCAL_SEARCH,100,1,300,213.58648499999995,0.5746346990003985,4,30,30,0,"[0, 0, 0, 0]",0,0,0,"[838, 0, 0, 10601]",11439,"[2933.394, 0, 0, 25604.43]",28537.824,26544.433000000005,0.12427955354946738,[]
1688453761166136761,PATH_CHEAPEST_ARC,GUIDED_LOCAL_SEARCH,100,1,300,213.58648499999995,0.59985930799985,4,30,30,0,"[0, 0, 0, 0]",0,0,0,"[838, 0, 0, 10601]",11439,"[2933.394, 0, 0, 25604.43]",28537.824,26544.433000000005,0.12427955354946738,[]
1688453564705401285,PATH_CHEAPEST_ARC,GUIDED_LOCAL_SEARCH,100,1,300,213.58648499999995,0.680757432000064,4,30,30,0,"[0, 0, 0, 0]",0,0,0,"[838, 0, 0, 10601]",11439,"[2933.394, 0, 0, 25604.43]",28537.824,26544.433000000005,0.12427955354946738,[]
1688453751664355304,PATH_CHEAPEST_ARC,GUIDED_LOCAL_SEARCH,100,1,300,213.58648499999995,0.9773376109997116,4,30,30,0,"[0, 0, 0, 0]",0,0,0,"[838, 0, 0, 10601]",11439,"[2933.394, 0, 0, 25604.43]",28537.824,26544.433000000005,0.12427955354946738,[]
1688453562614408339,PATH_CHEAPEST_ARC,GUIDED_LOCAL_SEARCH,100,1,300,213.58648499999995,0.6987126989997705,4,30,30,0,"[0, 0, 0, 0]",0,0,0,"[838, 0, 0, 10601]",11439,"[2933.394, 0, 0, 25604.43]",28537.824,26544.433000000005,0.12427955354946738,[]
1688454268381838165,PATH_CHEAPEST_ARC,GUIDED_LOCAL_SEARCH,100,1,300,213.58648499999995,0.5519375780004339,4,30,30,0,"[0, 0, 0, 0]",0,0,0,"[838, 0, 0, 10601]",11439,"[2933.394, 0, 0, 25604.43]",28537.824,26544.433000000005,0.12427955354946738,[]
1688453748067885771,PATH_CHEAPEST_ARC,GUIDED_LOCAL_SEARCH,100,1,300,213.58648499999995,0.5666854180003611,4,30,30,0,"[0, 0, 0, 0]",0,0,0,"[838, 0, 0, 10601]",11439,"[2933.394, 0, 0, 25604.43]",28537.824,26544.433000000005,0.12427955354946738,[]
1688454268254093104,PATH_CHEAPEST_ARC,GUIDED_LOCAL_SEARCH,100,1,300,213.58648499999995,0.5719564329992863,4,30,30,0,"[0, 0, 0, 0]",0,0,0,"[838, 0, 0, 10601]",11439,"[2933.394, 0, 0, 25604.43]",28537.824,26544.433000000005,0.12427955354946738,[]
1688454262175422555,PATH_CHEAPEST_ARC,GUIDED_LOCAL_SEARCH,100,1,300,213.58648499999995,0.6492094040004304,4,30,30,0,"[0, 0, 0, 0]",0,0,0,"[838, 0, 0, 10601]",11439,"[2933.394, 0, 0, 25604.43]",28537.824,26544.433000000005,0.12427955354946738,[]
1688453567659364458,PATH_CHEAPEST_ARC,GUIDED_LOCAL_SEARCH,100,1,300,213.58648499999995,0.5925047699997776,4,30,30,0,"[0, 0, 0, 0]",0,0,0,"[838, 0, 0, 10601]",11439,"[2933.394, 0, 0, 25604.43]",28537.824,26544.433000000005,0.12427955354946738,[]
1688453570769651888,PATH_CHEAPEST_ARC,GUIDED_LOCAL_SEARCH,100,1,300,213.58648499999995,0.571468898999683,4,30,30,0,"[0, 0, 0, 0]",0,0,0,"[838, 0, 0, 10601]",11439,"[2933.394, 0, 0, 25604.43]",28537.824,26544.433000000005,0.12427955354946738,[]
1688453570335344672,PATH_CHEAPEST_ARC,GUIDED_LOCAL_SEARCH,100,1,300,213.58648499999995,0.635908370999914,4,30,30,0,"[0, 0, 0, 0]",0,0,0,"[838, 0, 0, 10601]",11439,"[2933.394, 0, 0, 25604.43]",28537.824,26544.433000000005,0.12427955354946738,[]
1688453751451380033,PATH_CHEAPEST_ARC,GUIDED_LOCAL_SEARCH,100,1,300,213.58648499999995,0.901841271000194,4,30,30,0,"[0, 0, 0, 0]",0,0,0,"[838, 0, 0, 10601]",11439,"[2933.394, 0, 0, 25604.43]",28537.824,26544.433000000005,0.12427955354946738,[]
1688453750088120346,PATH_CHEAPEST_ARC,GUIDED_LOCAL_SEARCH,100,1,300,213.58648499999995,0.5982791400001588,4,30,30,0,"[0, 0, 0, 0]",0,0,0,"[838, 0, 0, 10601]",11439,"[2933.394, 0, 0, 25604.43]",28537.824,26544.433000000005,0.12427955354946738,[]
1688454264759304656,PATH_CHEAPEST_ARC,GUIDED_LOCAL_SEARCH,100,1,300,213.58648499999995,0.5274053789999016,4,30,30,0,"[0, 0, 0, 0]",0,0,0,"[838, 0, 0, 10601]",11439,"[2933.394, 0, 0, 25604.43]",28537.824,26544.433000000005,0.12427955354946738,[]
1688454258230790172,PATH_CHEAPEST_ARC,GUIDED_LOCAL_SEARCH,100,1,300,213.58648499999995,0.5266126880005686,4,30,30,0,"[0, 0, 0, 0]",0,0,0,"[838, 0, 0, 10601]",11439,"[2933.394, 0, 0, 25604.43]",28537.824,26544.433000000005,0.12427955354946738,[]
1688454257209522802,PATH_CHEAPEST_ARC,GUIDED_LOCAL_SEARCH,100,1,300,213.58648499999995,0.6460401059994183,4,30,30,0,"[0, 0, 0, 0]",0,0,0,"[838, 0, 0, 10601]",11439,"[2933.394, 0, 0, 25604.43]",28537.824,26544.433000000005,0.12427955354946738,[]
1688454265852264216,PATH_CHEAPEST_ARC,GUIDED_LOCAL_SEARCH,100,1,300,213.58648499999995,0.5690392199994676,4,30,30,0,"[0, 0, 0, 0]",0,0,0,"[838, 0, 0, 10601]",11439,"[2933.394, 0, 0, 25604.43]",28537.824,26544.433000000005,0.12427955354946738,[]
1688454265271299190,PATH_CHEAPEST_ARC,GUIDED_LOCAL_SEARCH,100,1,300,213.58648499999995,0.5798867860003156,4,30,30,0,"[0, 0, 0, 0]",0,0,0,"[838, 0, 0, 10601]",11439,"[2933.394, 0, 0, 25604.43]",28537.824,26544.433000000005,0.12427955354946738,[]
1688454263076695576,PATH_CHEAPEST_ARC,GUIDED_LOCAL_SEARCH,100,1,300,213.58648499999995,0.5648407070002577,4,30,30,0,"[0, 0, 0, 0]",0,0,0,"[838, 0, 0, 10601]",11439,"[2933.394, 0, 0, 25604.43]",28537.824,26544.433000000005,0.12427955354946738,[]
1688453753157980005,PATH_CHEAPEST_ARC,GUIDED_LOCAL_SEARCH,100,1,300,213.58648499999995,0.6273856439997871,4,30,30,0,"[0, 0, 0, 0]",0,0,0,"[838, 0, 0, 10601]",11439,"[2933.394, 0, 0, 25604.43]",28537.824,26544.433000000005,0.12427955354946738,[]
1688454259617721209,PATH_CHEAPEST_ARC,GUIDED_LOCAL_SEARCH,100,1,300,213.58648499999995,0.8019108429998596,4,30,30,0,"[0, 0, 0, 0]",0,0,0,"[838, 0, 0, 10601]",11439,"[2933.394, 0, 0, 25604.43]",28537.824,26544.433000000005,0.12427955354946738,[]
1688453750257480897,PATH_CHEAPEST_ARC,GUIDED_LOCAL_SEARCH,100,1,300,213.58648499999995,0.5871984749996955,4,30,30,0,"[0, 0, 0, 0]",0,0,0,"[838, 0, 0, 10601]",11439,"[2933.394, 0, 0, 25604.43]",28537.824,26544.433000000005,0.12427955354946738,[]
1688453747399787950,PATH_CHEAPEST_ARC,GUIDED_LOCAL_SEARCH,100,1,300,213.58648499999995,0.5174154179999277,4,30,30,0,"[0, 0, 0, 0]",0,0,0,"[838, 0, 0, 10601]",11439,"[2933.394, 0, 0, 25604.43]",28537.824,26544.433000000005,0.12427955354946738,[]
1688453562044301161,PATH_CHEAPEST_ARC,GUIDED_LOCAL_SEARCH,100,1,300,213.58648499999995,0.59277132599982,4,30,30,0,"[0, 0, 0, 0]",0,0,0,"[838, 0, 0, 10601]",11439,"[2933.394, 0, 0, 25604.43]",28537.824,26544.433000000005,0.12427955354946738,[]
1688454259053230401,PATH_CHEAPEST_ARC,GUIDED_LOCAL_SEARCH,100,1,300,213.58648499999995,0.6618959369998265,4,30,30,0,"[0, 0, 0, 0]",0,0,0,"[838, 0, 0, 10601]",11439,"[2933.394, 0, 0, 25604.43]",28537.824,26544.433000000005,0.12427955354946738,[]
1688453569486583079,PATH_CHEAPEST_ARC,GUIDED_LOCAL_SEARCH,100,1,300,213.58648499999995,0.5895570430002408,4,30,30,0,"[0, 0, 0, 0]",0,0,0,"[838, 0, 0, 10601]",11439,"[2933.394, 0, 0, 25604.43]",28537.824,26544.433000000005,0.12427955354946738,[]
1688453559211534756,PATH_CHEAPEST_ARC,GUIDED_LOCAL_SEARCH,100,1,300,213.58648499999995,1.339048719999937,4,30,30,0,"[0, 0, 0, 0]",0,0,0,"[838, 0, 0, 10601]",11439,"[2933.394, 0, 0, 25604.43]",28537.824,26544.433000000005,0.12427955354946738,[]
1688453758769682605,PATH_CHEAPEST_ARC,GUIDED_LOCAL_SEARCH,100,1,300,213.58648499999995,0.6646417689998998,4,30,30,0,"[0, 0, 0, 0]",0,0,0,"[838, 0, 0, 10601]",11439,"[2933.394, 0, 0, 25604.43]",28537.824,26544.433000000005,0.12427955354946738,[]
1688454262140569590,PATH_CHEAPEST_ARC,GUIDED_LOCAL_SEARCH,100,1,300,213.58648499999995,0.6244085039998026,4,30,30,0,"[0, 0, 0, 0]",0,0,0,"[838, 0, 0, 10601]",11439,"[2933.394, 0, 0, 25604.43]",28537.824,26544.433000000005,0.12427955354946738,[]
1688453760362993545,PATH_CHEAPEST_ARC,GUIDED_LOCAL_SEARCH,100,1,300,213.58648499999995,0.5571763680000004,4,30,30,0,"[0, 0, 0, 0]",0,0,0,"[838, 0, 0, 10601]",11439,"[2933.394, 0, 0, 25604.43]",28537.824,26544.433000000005,0.12427955354946738,[]
1688454263323293574,PATH_CHEAPEST_ARC,GUIDED_LOCAL_SEARCH,100,1,300,213.58648499999995,0.5567111190002834,4,30,30,0,"[0, 0, 0, 0]",0,0,0,"[838, 0, 0, 10601]",11439,"[2933.394, 0, 0, 25604.43]",28537.824,26544.433000000005,0.12427955354946738,[]
1688453760005624475,PATH_CHEAPEST_ARC,GUIDED_LOCAL_SEARCH,100,1,300,213.58648499999995,0.5929755920001298,4,30,30,0,"[0, 0, 0, 0]",0,0,0,"[838, 0, 0, 10601]",11439,"[2933.394, 0, 0, 25604.43]",28537.824,26544.433000000005,0.12427955354946738,[]
1688453748523218628,PATH_CHEAPEST_ARC,GUIDED_LOCAL_SEARCH,100,1,300,213.58648499999995,0.5797778310002286,4,30,30,0,"[0, 0, 0, 0]",0,0,0,"[838, 0, 0, 10601]",11439,"[2933.394, 0, 0, 25604.43]",28537.824,26544.433000000005,0.12427955354946738,[]
1688453575452657095,PATH_CHEAPEST_ARC,GUIDED_LOCAL_SEARCH,100,1,300,213.58648499999995,0.7824208320002981,4,30,30,0,"[0, 0, 0, 0]",0,0,0,"[838, 0, 0, 10601]",11439,"[2933.394, 0, 0, 25604.43]",28537.824,26544.433000000005,0.12427955354946738,[]
1688454255014885605,PATH_CHEAPEST_ARC,GUIDED_LOCAL_SEARCH,100,1,300,213.58648499999995,0.5694041460001245,4,30,30,0,"[0, 0, 0, 0]",0,0,0,"[838, 0, 0, 10601]",11439,"[2933.394, 0, 0, 25604.43]",28537.824,26544.433000000005,0.12427955354946738,[]
1688453761572519533,PATH_CHEAPEST_ARC,GUIDED_LOCAL_SEARCH,100,1,300,213.58648499999995,0.6241829759997017,4,30,30,0,"[0, 0, 0, 0]",0,0,0,"[838, 0, 0, 10601]",11439,"[2933.394, 0, 0, 25604.43]",28537.824,26544.433000000005,0.12427955354946738,[]
1688453568882306562,PATH_CHEAPEST_ARC,GUIDED_LOCAL_SEARCH,100,1,300,213.58648499999995,0.5944563460002428,4,30,30,0,"[0, 0, 0, 0]",0,0,0,"[838, 0, 0, 10601]",11439,"[2933.394, 0, 0, 25604.43]",28537.824,26544.433000000005,0.12427955354946738,[]
1688454264795791882,PATH_CHEAPEST_ARC,GUIDED_LOCAL_SEARCH,100,1,300,213.58648499999995,0.5332874929999889,4,30,30,0,"[0, 0, 0, 0]",0,0,0,"[838, 0, 0, 10601]",11439,"[2933.394, 0, 0, 25604.43]",28537.824,26544.433000000005,0.12427955354946738,[]
1688453755242791115,PATH_CHEAPEST_ARC,GUIDED_LOCAL_SEARCH,100,1,300,213.58648499999995,0.9761081370002103,4,30,30,0,"[0, 0, 0, 0]",0,0,0,"[838, 0, 0, 10601]",11439,"[2933.394, 0, 0, 25604.43]",28537.824,26544.433000000005,0.12427955354946738,[]
1688454258958439781,PATH_CHEAPEST_ARC,GUIDED_LOCAL_SEARCH,100,1,300,213.58648499999995,0.6584142550000252,4,30,30,0,"[0, 0, 0, 0]",0,0,0,"[838, 0, 0, 10601]",11439,"[2933.394, 0, 0, 25604.43]",28537.824,26544.433000000005,0.12427955354946738,[]
1688454253690656250,PATH_CHEAPEST_ARC,GUIDED_LOCAL_SEARCH,100,1,300,213.58648499999995,0.499191005999819,4,30,30,0,"[0, 0, 0, 0]",0,0,0,"[838, 0, 0, 10601]",11439,"[2933.394, 0, 0, 25604.43]",28537.824,26544.433000000005,0.12427955354946738,[]
1688454263364943862,PATH_CHEAPEST_ARC,GUIDED_LOCAL_SEARCH,100,1,300,213.58648499999995,0.5584053200000199,4,30,30,0,"[0, 0, 0, 0]",0,0,0,"[838, 0, 0, 10601]",11439,"[2933.394, 0, 0, 25604.43]",28537.824,26544.433000000005,0.12427955354946738,[]
1688453569147646428,PATH_CHEAPEST_ARC,GUIDED_LOCAL_SEARCH,100,1,300,213.58648499999995,0.5930554329997904,4,30,30,0,"[0, 0, 0, 0]",0,0,0,"[838, 0, 0, 10601]",11439,"[2933.394, 0, 0, 25604.43]",28537.824,26544.433000000005,0.12427955354946738,[]
1688453564548295038,PATH_CHEAPEST_ARC,GUIDED_LOCAL_SEARCH,100,1,300,213.58648499999995,0.6329236990000027,4,30,30,0,"[0, 0, 0, 0]",0,0,0,"[838, 0, 0, 10601]",11439,"[2933.394, 0, 0, 25604.43]",28537.824,26544.433000000005,0.12427955354946738,[]
1688453561109805461,PATH_CHEAPEST_ARC,GUIDED_LOCAL_SEARCH,100,1,300,213.58648499999995,0.6059679800000595,4,30,30,0,"[0, 0, 0, 0]",0,0,0,"[838, 0, 0, 10601]",11439,"[2933.394, 0, 0, 25604.43]",28537.824,26544.433000000005,0.12427955354946738,[]
1688453571342597208,PATH_CHEAPEST_ARC,GUIDED_LOCAL_SEARCH,100,1,300,213.58648499999995,0.6646373910002694,4,30,30,0,"[0, 0, 0, 0]",0,0,0,"[838, 0, 0, 10601]",11439,"[2933.394, 0, 0, 25604.43]",28537.824,26544.433000000005,0.12427955354946738,[]
1688453570972017246,PATH_CHEAPEST_ARC,GUIDED_LOCAL_SEARCH,100,1,300,213.58648499999995,0.5818325539999023,4,30,30,0,"[0, 0, 0, 0]",0,0,0,"[838, 0, 0, 10601]",11439,"[2933.394, 0, 0, 25604.43]",28537.824,26544.433000000005,0.12427955354946738,[]
1688454262424948410,PATH_CHEAPEST_ARC,GUIDED_LOCAL_SEARCH,100,1,300,213.58648499999995,0.6508266040000308,4,30,30,0,"[0, 0, 0, 0]",0,0,0,"[838, 0, 0, 10601]",11439,"[2933.394, 0, 0, 25604.43]",28537.824,26544.433000000005,0.12427955354946738,[]
1688453748072370496,PATH_CHEAPEST_ARC,GUIDED_LOCAL_SEARCH,100,1,300,213.58648499999995,0.5583682049996241,4,30,30,0,"[0, 0, 0, 0]",0,0,0,"[838, 0, 0, 10601]",11439,"[2933.394, 0, 0, 25604.43]",28537.824,26544.433000000005,0.12427955354946738,[]
1688453562283224081,PATH_CHEAPEST_ARC,GUIDED_LOCAL_SEARCH,100,1,300,213.58648499999995,0.5780716489998667,4,30,30,0,"[0, 0, 0, 0]",0,0,0,"[838, 0, 0, 10601]",11439,"[2933.394, 0, 0, 25604.43]",28537.824,26544.433000000005,0.12427955354946738,[]
1688453748631654989,PATH_CHEAPEST_ARC,GUIDED_LOCAL_SEARCH,100,1,300,213.58648499999995,0.5595388520000597,4,30,30,0,"[0, 0, 0, 0]",0,0,0,"[838, 0, 0, 10601]",11439,"[2933.394, 0, 0, 25604.43]",28537.824,26544.433000000005,0.12427955354946738,[]
1688454257522318660,PATH_CHEAPEST_ARC,GUIDED_LOCAL_SEARCH,100,1,300,213.58648499999995,0.8060711419993822,4,30,30,0,"[0, 0, 0, 0]",0,0,0,"[838, 0, 0, 10601]",11439,"[2933.394, 0, 0, 25604.43]",28537.824,26544.433000000005,0.12427955354946738,[]
1688453568769847855,PATH_CHEAPEST_ARC,GUIDED_LOCAL_SEARCH,100,1,300,213.58648499999995,0.6317340880000302,4,30,30,0,"[0, 0, 0, 0]",0,0,0,"[838, 0, 0, 10601]",11439,"[2933.394, 0, 0, 25604.43]",28537.824,26544.433000000005,0.12427955354946738,[]
1688454261338095825,PATH_CHEAPEST_ARC,GUIDED_LOCAL_SEARCH,100,1,300,213.58648499999995,0.5403583859997525,4,30,30,0,"[0, 0, 0, 0]",0,0,0,"[838, 0, 0, 10601]",11439,"[2933.394, 0, 0, 25604.43]",28537.824,26544.433000000005,0.12427955354946738,[]
1688453756710759826,PATH_CHEAPEST_ARC,GUIDED_LOCAL_SEARCH,100,1,300,213.58648499999995,0.5695180809998419,4,30,30,0,"[0, 0, 0, 0]",0,0,0,"[838, 0, 0, 10601]",11439,"[2933.394, 0, 0, 25604.43]",28537.824,26544.433000000005,0.12427955354946738,[]
1688454254191107818,PATH_CHEAPEST_ARC,GUIDED_LOCAL_SEARCH,100,1,300,213.58648499999995,0.5847090479992403,4,30,30,0,"[0, 0, 0, 0]",0,0,0,"[838, 0, 0, 10601]",11439,"[2933.394, 0, 0, 25604.43]",28537.824,26544.433000000005,0.12427955354946738,[]
1688453760321608109,PATH_CHEAPEST_ARC,GUIDED_LOCAL_SEARCH,100,1,300,213.58648499999995,0.5512893199997961,4,30,30,0,"[0, 0, 0, 0]",0,0,0,"[838, 0, 0, 10601]",11439,"[2933.394, 0, 0, 25604.43]",28537.824,26544.433000000005,0.12427955354946738,[]
1688453559211667235,PATH_CHEAPEST_ARC,GUIDED_LOCAL_SEARCH,100,1,300,213.58648499999995,1.6392144369997368,4,30,30,0,"[0, 0, 0, 0]",0,0,0,"[838, 0, 0, 10601]",11439,"[2933.394, 0, 0, 25604.43]",28537.824,26544.433000000005,0.12427955354946738,[]
1688453563356433614,PATH_CHEAPEST_ARC,GUIDED_LOCAL_SEARCH,100,1,300,213.58648499999995,0.5683103470000788,4,30,30,0,"[0, 0, 0, 0]",0,0,0,"[838, 0, 0, 10601]",11439,"[2933.394, 0, 0, 25604.43]",28537.824,26544.433000000005,0.12427955354946738,[]
1688453574821064438,PATH_CHEAPEST_ARC,GUIDED_LOCAL_SEARCH,100,1,300,213.58648499999995,0.8868461189999834,4,30,30,0,"[0, 0, 0, 0]",0,0,0,"[838, 0, 0, 10601]",11439,"[2933.394, 0, 0, 25604.43]",28537.824,26544.433000000005,0.12427955354946738,[]
1688453751357948275,PATH_CHEAPEST_ARC,GUIDED_LOCAL_SEARCH,100,1,300,213.58648499999995,0.6058656350001002,4,30,30,0,"[0, 0, 0, 0]",0,0,0,"[838, 0, 0, 10601]",11439,"[2933.394, 0, 0, 25604.43]",28537.824,26544.433000000005,0.12427955354946738,[]
1688453749103792268,PATH_CHEAPEST_ARC,GUIDED_LOCAL_SEARCH,100,1,300,213.58648499999995,0.5522538860000168,4,30,30,0,"[0, 0, 0, 0]",0,0,0,"[838, 0, 0, 10601]",11439,"[2933.394, 0, 0, 25604.43]",28537.824,26544.433000000005,0.12427955354946738,[]
1688453756109942671,PATH_CHEAPEST_ARC,GUIDED_LOCAL_SEARCH,100,1,300,213.58648499999995,0.599873554000169,4,30,30,0,"[0, 0, 0, 0]",0,0,0,"[838, 0, 0, 10601]",11439,"[2933.394, 0, 0, 25604.43]",28537.824,26544.433000000005,0.12427955354946738,[]
1688454256936811462,PATH_CHEAPEST_ARC,GUIDED_LOCAL_SEARCH,100,1,300,213.58648499999995,0.5844085449998602,4,30,30,0,"[0, 0, 0, 0]",0,0,0,"[838, 0, 0, 10601]",11439,"[2933.394, 0, 0, 25604.43]",28537.824,26544.433000000005,0.12427955354946738,[]
1688454260949129246,PATH_CHEAPEST_ARC,GUIDED_LOCAL_SEARCH,100,1,300,213.58648499999995,0.5707601519998207,4,30,30,0,"[0, 0, 0, 0]",0,0,0,"[838, 0, 0, 10601]",11439,"[2933.394, 0, 0, 25604.43]",28537.824,26544.433000000005,0.12427955354946738,[]
1688453750436111218,PATH_CHEAPEST_ARC,GUIDED_LOCAL_SEARCH,100,1,300,213.58648499999995,0.5952742859999489,4,30,30,0,"[0, 0, 0, 0]",0,0,0,"[838, 0, 0, 10601]",11439,"[2933.394, 0, 0, 25604.43]",28537.824,26544.433000000005,0.12427955354946738,[]
1688454267311853093,PATH_CHEAPEST_ARC,GUIDED_LOCAL_SEARCH,100,1,300,213.58648499999995,0.6302159779997965,4,30,30,0,"[0, 0, 0, 0]",0,0,0,"[838, 0, 0, 10601]",11439,"[2933.394, 0, 0, 25604.43]",28537.824,26544.433000000005,0.12427955354946738,[]
1688454262825419581,PATH_CHEAPEST_ARC,GUIDED_LOCAL_SEARCH,100,1,300,213.58648499999995,0.5388419370001429,4,30,30,0,"[0, 0, 0, 0]",0,0,0,"[838, 0, 0, 10601]",11439,"[2933.394, 0, 0, 25604.43]",28537.824,26544.433000000005,0.12427955354946738,[]
1688453563925593595,PATH_CHEAPEST_ARC,GUIDED_LOCAL_SEARCH,100,1,300,213.58648499999995,0.593304967000222,4,30,30,0,"[0, 0, 0, 0]",0,0,0,"[838, 0, 0, 10601]",11439,"[2933.394, 0, 0, 25604.43]",28537.824,26544.433000000005,0.12427955354946738,[]
1688453759288355626,PATH_CHEAPEST_ARC,GUIDED_LOCAL_SEARCH,100,1,300,213.58648499999995,0.535392193000007,4,30,30,0,"[0, 0, 0, 0]",0,0,0,"[838, 0, 0, 10601]",11439,"[2933.394, 0, 0, 25604.43]",28537.824,26544.433000000005,0.12427955354946738,[]
1688454254209380206,PATH_CHEAPEST_ARC,GUIDED_LOCAL_SEARCH,100,1,300,213.58648499999995,0.516991063000205,4,30,30,0,"[0, 0, 0, 0]",0,0,0,"[838, 0, 0, 10601]",11439,"[2933.394, 0, 0, 25604.43]",28537.824,26544.433000000005,0.12427955354946738,[]
1688453562880282173,PATH_CHEAPEST_ARC,GUIDED_LOCAL_SEARCH,100,1,300,213.58648499999995,0.6416852369998196,4,30,30,0,"[0, 0, 0, 0]",0,0,0,"[838, 0, 0, 10601]",11439,"[2933.394, 0, 0, 25604.43]",28537.824,26544.433000000005,0.12427955354946738,[]
1688453575428555618,PATH_CHEAPEST_ARC,GUIDED_LOCAL_SEARCH,100,1,300,213.58648499999995,0.9871232979999149,4,30,30,0,"[0, 0, 0, 0]",0,0,0,"[838, 0, 0, 10601]",11439,"[2933.394, 0, 0, 25604.43]",28537.824,26544.433000000005,0.12427955354946738,[]
1688453754685730349,PATH_CHEAPEST_ARC,GUIDED_LOCAL_SEARCH,100,1,300,213.58648499999995,0.5708667990002141,4,30,30,0,"[0, 0, 0, 0]",0,0,0,"[838, 0, 0, 10601]",11439,"[2933.394, 0, 0, 25604.43]",28537.824,26544.433000000005,0.12427955354946738,[]
1688454261520782767,PATH_CHEAPEST_ARC,GUIDED_LOCAL_SEARCH,100,1,300,213.58648499999995,0.5796128140000292,4,30,30,0,"[0, 0, 0, 0]",0,0,0,"[838, 0, 0, 10601]",11439,"[2933.394, 0, 0, 25604.43]",28537.824,26544.433000000005,0.12427955354946738,[]
1688453749658230871,PATH_CHEAPEST_ARC,GUIDED_LOCAL_SEARCH,100,1,300,213.58648499999995,0.5982389439996041,4,30,30,0,"[0, 0, 0, 0]",0,0,0,"[838, 0, 0, 10601]",11439,"[2933.394, 0, 0, 25604.43]",28537.824,26544.433000000005,0.12427955354946738,[]
1688454259410644940,PATH_CHEAPEST_ARC,GUIDED_LOCAL_SEARCH,100,1,300,213.58648499999995,0.5950399309995191,4,30,30,0,"[0, 0, 0, 0]",0,0,0,"[838, 0, 0, 10601]",11439,"[2933.394, 0, 0, 25604.43]",28537.824,26544.433000000005,0.12427955354946738,[]
1688453572183549186,PATH_CHEAPEST_ARC,GUIDED_LOCAL_SEARCH,100,1,300,213.58648499999995,0.6354860060000647,4,30,30,0,"[0, 0, 0, 0]",0,0,0,"[838, 0, 0, 10601]",11439,"[2933.394, 0, 0, 25604.43]",28537.824,26544.433000000005,0.12427955354946738,[]
1688453569477816510,PATH_CHEAPEST_ARC,GUIDED_LOCAL_SEARCH,100,1,300,213.58648499999995,0.5770331250000709,4,30,30,0,"[0, 0, 0, 0]",0,0,0,"[838, 0, 0, 10601]",11439,"[2933.394, 0, 0, 25604.43]",28537.824,26544.433000000005,0.12427955354946738,[]
1688453570808827234,PATH_CHEAPEST_ARC,GUIDED_LOCAL_SEARCH,100,1,300,213.58648499999995,0.5849106690002372,4,30,30,0,"[0, 0, 0, 0]",0,0,0,"[838, 0, 0, 10601]",11439,"[2933.394, 0, 0, 25604.43]",28537.824,26544.433000000005,0.12427955354946738,[]
1688453565103371310,PATH_CHEAPEST_ARC,GUIDED_LOCAL_SEARCH,100,1,300,213.58648499999995,0.6817820770002072,4,30,30,0,"[0, 0, 0, 0]",0,0,0,"[838, 0, 0, 10601]",11439,"[2933.394, 0, 0, 25604.43]",28537.824,26544.433000000005,0.12427955354946738,[]
1688453750777392047,PATH_CHEAPEST_ARC,GUIDED_LOCAL_SEARCH,100,1,300,213.58648499999995,0.6817974479999975,4,30,30,0,"[0, 0, 0, 0]",0,0,0,"[838, 0, 0, 10601]",11439,"[2933.394, 0, 0, 25604.43]",28537.824,26544.433000000005,0.12427955354946738,[]
1688453760599965080,PATH_CHEAPEST_ARC,GUIDED_LOCAL_SEARCH,100,1,300,213.58648499999995,0.5653649390001192,4,30,30,0,"[0, 0, 0, 0]",0,0,0,"[838, 0, 0, 10601]",11439,"[2933.394, 0, 0, 25604.43]",28537.824,26544.433000000005,0.12427955354946738,[]
1688453752643128907,PATH_CHEAPEST_ARC,GUIDED_LOCAL_SEARCH,100,1,300,213.58648499999995,0.7258265409996056,4,30,30,0,"[0, 0, 0, 0]",0,0,0,"[838, 0, 0, 10601]",11439,"[2933.394, 0, 0, 25604.43]",28537.824,26544.433000000005,0.12427955354946738,[]
1688453573890118544,PATH_CHEAPEST_ARC,GUIDED_LOCAL_SEARCH,100,1,300,213.58648499999995,0.654380084999957,4,30,30,0,"[0, 0, 0, 0]",0,0,0,"[838, 0, 0, 10601]",11439,"[2933.394, 0, 0, 25604.43]",28537.824,26544.433000000005,0.12427955354946738,[]
1688453560816898152,PATH_CHEAPEST_ARC,GUIDED_LOCAL_SEARCH,100,1,300,213.58648499999995,0.5896781849996842,4,30,30,0,"[0, 0, 0, 0]",0,0,0,"[838, 0, 0, 10601]",11439,"[2933.394, 0, 0, 25604.43]",28537.824,26544.433000000005,0.12427955354946738,[]
1688453763126852686,PATH_CHEAPEST_ARC,GUIDED_LOCAL_SEARCH,100,1,300,213.58648499999995,0.6557602670000051,4,30,30,0,"[0, 0, 0, 0]",0,0,0,"[838, 0, 0, 10601]",11439,"[2933.394, 0, 0, 25604.43]",28537.824,26544.433000000005,0.12427955354946738,[]
1688454259390282984,PATH_CHEAPEST_ARC,GUIDED_LOCAL_SEARCH,100,1,300,213.58648499999995,0.9196104729999206,4,30,30,0,"[0, 0, 0, 0]",0,0,0,"[838, 0, 0, 10601]",11439,"[2933.394, 0, 0, 25604.43]",28537.824,26544.433000000005,0.12427955354946738,[]
1688453573241619114,PATH_CHEAPEST_ARC,GUIDED_LOCAL_SEARCH,100,1,300,213.58648499999995,0.5700289559999874,4,30,30,0,"[0, 0, 0, 0]",0,0,0,"[838, 0, 0, 10601]",11439,"[2933.394, 0, 0, 25604.43]",28537.824,26544.433000000005,0.12427955354946738,[]
1688453560852426792,PATH_CHEAPEST_ARC,GUIDED_LOCAL_SEARCH,100,1,300,213.58648499999995,0.6010372989999269,4,30,30,0,"[0, 0, 0, 0]",0,0,0,"[838, 0, 0, 10601]",11439,"[2933.394, 0, 0, 25604.43]",28537.824,26544.433000000005,0.12427955354946738,[]
1688453753786706092,PATH_CHEAPEST_ARC,GUIDED_LOCAL_SEARCH,100,1,300,213.58648499999995,0.7382877730001383,4,30,30,0,"[0, 0, 0, 0]",0,0,0,"[838, 0, 0, 10601]",11439,"[2933.394, 0, 0, 25604.43]",28537.824,26544.433000000005,0.12427955354946738,[]
1688453760874176655,PATH_CHEAPEST_ARC,GUIDED_LOCAL_SEARCH,100,1,300,213.58648499999995,0.6974315190000198,4,30,30,0,"[0, 0, 0, 0]",0,0,0,"[838, 0, 0, 10601]",11439,"[2933.394, 0, 0, 25604.43]",28537.824,26544.433000000005,0.12427955354946738,[]
1688454266422370589,PATH_CHEAPEST_ARC,GUIDED_LOCAL_SEARCH,100,1,300,213.58648499999995,0.5590643470004579,4,30,30,0,"[0, 0, 0, 0]",0,0,0,"[838, 0, 0, 10601]",11439,"[2933.394, 0, 0, 25604.43]",28537.824,26544.433000000005,0.12427955354946738,[]
1688454267943375871,PATH_CHEAPEST_ARC,GUIDED_LOCAL_SEARCH,100,1,300,213.58648499999995,0.5724444970001059,4,30,30,0,"[0, 0, 0, 0]",0,0,0,"[838, 0, 0, 10601]",11439,"[2933.394, 0, 0, 25604.43]",28537.824,26544.433000000005,0.12427955354946738,[]
1688453748635711374,PATH_CHEAPEST_ARC,GUIDED_LOCAL_SEARCH,100,1,300,213.58648499999995,0.9491316200001165,4,30,30,0,"[0, 0, 0, 0]",0,0,0,"[838, 0, 0, 10601]",11439,"[2933.394, 0, 0, 25604.43]",28537.824,26544.433000000005,0.12427955354946738,[]
1688454255585405377,PATH_CHEAPEST_ARC,GUIDED_LOCAL_SEARCH,100,1,300,213.58648499999995,0.5449496269993688,4,30,30,0,"[0, 0, 0, 0]",0,0,0,"[838, 0, 0, 10601]",11439,"[2933.394, 0, 0, 25604.43]",28537.824,26544.433000000005,0.12427955354946738,[]
1688453567609918787,PATH_CHEAPEST_ARC,GUIDED_LOCAL_SEARCH,100,1,300,213.58648499999995,0.6043044250000094,4,30,30,0,"[0, 0, 0, 0]",0,0,0,"[838, 0, 0, 10601]",11439,"[2933.394, 0, 0, 25604.43]",28537.824,26544.433000000005,0.12427955354946738,[]
1688454265023653350,PATH_CHEAPEST_ARC,GUIDED_LOCAL_SEARCH,100,1,300,213.58648499999995,0.5439094039993506,4,30,30,0,"[0, 0, 0, 0]",0,0,0,"[838, 0, 0, 10601]",11439,"[2933.394, 0, 0, 25604.43]",28537.824,26544.433000000005,0.12427955354946738,[]
1688453750687311121,PATH_CHEAPEST_ARC,GUIDED_LOCAL_SEARCH,100,1,300,213.58648499999995,0.6697415309999997,4,30,30,0,"[0, 0, 0, 0]",0,0,0,"[838, 0, 0, 10601]",11439,"[2933.394, 0, 0, 25604.43]",28537.824,26544.433000000005,0.12427955354946738,[]
1688453570659907726,PATH_CHEAPEST_ARC,GUIDED_LOCAL_SEARCH,100,1,300,213.58648499999995,0.5824794169998313,4,30,30,0,"[0, 0, 0, 0]",0,0,0,"[838, 0, 0, 10601]",11439,"[2933.394, 0, 0, 25604.43]",28537.824,26544.433000000005,0.12427955354946738,[]
1688453574032261348,PATH_CHEAPEST_ARC,GUIDED_LOCAL_SEARCH,100,1,300,213.58648499999995,0.5653278929999033,4,30,30,0,"[0, 0, 0, 0]",0,0,0,"[838, 0, 0, 10601]",11439,"[2933.394, 0, 0, 25604.43]",28537.824,26544.433000000005,0.12427955354946738,[]
1688454263880755260,PATH_CHEAPEST_ARC,GUIDED_LOCAL_SEARCH,100,1,300,213.58648499999995,0.857496878999882,4,30,30,0,"[0, 0, 0, 0]",0,0,0,"[838, 0, 0, 10601]",11439,"[2933.394, 0, 0, 25604.43]",28537.824,26544.433000000005,0.12427955354946738,[]
1688453754611234809,PATH_CHEAPEST_ARC,GUIDED_LOCAL_SEARCH,100,1,300,213.58648499999995,0.630386482999711,4,30,30,0,"[0, 0, 0, 0]",0,0,0,"[838, 0, 0, 10601]",11439,"[2933.394, 0, 0, 25604.43]",28537.824,26544.433000000005,0.12427955354946738,[]
1688454254437805079,PATH_CHEAPEST_ARC,GUIDED_LOCAL_SEARCH,100,1,300,213.58648499999995,0.5387218570003824,4,30,30,0,"[0, 0, 0, 0]",0,0,0,"[838, 0, 0, 10601]",11439,"[2933.394, 0, 0, 25604.43]",28537.824,26544.433000000005,0.12427955354946738,[]
1688453758726840783,PATH_CHEAPEST_ARC,GUIDED_LOCAL_SEARCH,100,1,300,213.58648499999995,0.5605482490000213,4,30,30,0,"[0, 0, 0, 0]",0,0,0,"[838, 0, 0, 10601]",11439,"[2933.394, 0, 0, 25604.43]",28537.824,26544.433000000005,0.12427955354946738,[]
1688453758682177347,PATH_CHEAPEST_ARC,GUIDED_LOCAL_SEARCH,100,1,300,213.58648499999995,0.5415809619998981,4,30,30,0,"[0, 0, 0, 0]",0,0,0,"[838, 0, 0, 10601]",11439,"[2933.394, 0, 0, 25604.43]",28537.824,26544.433000000005,0.12427955354946738,[]
1688453753686410115,PATH_CHEAPEST_ARC,GUIDED_LOCAL_SEARCH,100,1,300,213.58648499999995,0.6160538280000765,4,30,30,0,"[0, 0, 0, 0]",0,0,0,"[838, 0, 0, 10601]",11439,"[2933.394, 0, 0, 25604.43]",28537.824,26544.433000000005,0.12427955354946738,[]
1688453759780375945,PATH_CHEAPEST_ARC,GUIDED_LOCAL_SEARCH,100,1,300,213.58648499999995,0.5403578210002706,4,30,30,0,"[0, 0, 0, 0]",0,0,0,"[838, 0, 0, 10601]",11439,"[2933.394, 0, 0, 25604.43]",28537.824,26544.433000000005,0.12427955354946738,[]
1688454256411831910,PATH_CHEAPEST_ARC,GUIDED_LOCAL_SEARCH,100,1,300,213.58648499999995,0.5757481179998649,4,30,30,0,"[0, 0, 0, 0]",0,0,0,"[838, 0, 0, 10601]",11439,"[2933.394, 0, 0, 25604.43]",28537.824,26544.433000000005,0.12427955354946738,[]
1688453752354549624,PATH_CHEAPEST_ARC,GUIDED_LOCAL_SEARCH,100,1,300,213.58648499999995,0.8026817030004167,4,30,30,0,"[0, 0, 0, 0]",0,0,0,"[838, 0, 0, 10601]",11439,"[2933.394, 0, 0, 25604.43]",28537.824,26544.433000000005,0.12427955354946738,[]
1688453749586180454,PATH_CHEAPEST_ARC,GUIDED_LOCAL_SEARCH,100,1,300,213.58648499999995,0.5965921500001059,4,30,30,0,"[0, 0, 0, 0]",0,0,0,"[838, 0, 0, 10601]",11439,"[2933.394, 0, 0, 25604.43]",28537.824,26544.433000000005,0.12427955354946738,[]
1688453759824991580,PATH_CHEAPEST_ARC,GUIDED_LOCAL_SEARCH,100,1,300,213.58648499999995,0.5539165239997601,4,30,30,0,"[0, 0, 0, 0]",0,0,0,"[838, 0, 0, 10601]",11439,"[2933.394, 0, 0, 25604.43]",28537.824,26544.433000000005,0.12427955354946738,[]
1688454261879271428,PATH_CHEAPEST_ARC,GUIDED_LOCAL_SEARCH,100,1,300,213.58648499999995,0.5447252759995536,4,30,30,0,"[0, 0, 0, 0]",0,0,0,"[838, 0, 0, 10601]",11439,"[2933.394, 0, 0, 25604.43]",28537.824,26544.433000000005,0.12427955354946738,[]
1688453749192438754,PATH_CHEAPEST_ARC,GUIDED_LOCAL_SEARCH,100,1,300,213.58648499999995,0.6176613540001199,4,30,30,0,"[0, 0, 0, 0]",0,0,0,"[838, 0, 0, 10601]",11439,"[2933.394, 0, 0, 25604.43]",28537.824,26544.433000000005,0.12427955354946738,[]
1688454258851771032,PATH_CHEAPEST_ARC,GUIDED_LOCAL_SEARCH,100,1,300,213.58648499999995,0.5574148880004941,4,30,30,0,"[0, 0, 0, 0]",0,0,0,"[838, 0, 0, 10601]",11439,"[2933.394, 0, 0, 25604.43]",28537.824,26544.433000000005,0.12427955354946738,[]
1688454257856431091,PATH_CHEAPEST_ARC,GUIDED_LOCAL_SEARCH,100,1,300,213.58648499999995,0.5812218649998613,4,30,30,0,"[0, 0, 0, 0]",0,0,0,"[838, 0, 0, 10601]",11439,"[2933.394, 0, 0, 25604.43]",28537.824,26544.433000000005,0.12427955354946738,[]
1688453573249674955,PATH_CHEAPEST_ARC,GUIDED_LOCAL_SEARCH,100,1,300,213.58648499999995,0.828550173000167,4,30,30,0,"[0, 0, 0, 0]",0,0,0,"[838, 0, 0, 10601]",11439,"[2933.394, 0, 0, 25604.43]",28537.824,26544.433000000005,0.12427955354946738,[]
1688453561408045712,PATH_CHEAPEST_ARC,GUIDED_LOCAL_SEARCH,100,1,300,213.58648499999995,0.604671215000053,4,30,30,0,"[0, 0, 0, 0]",0,0,0,"[838, 0, 0, 10601]",11439,"[2933.394, 0, 0, 25604.43]",28537.824,26544.433000000005,0.12427955354946738,[]
1688454255863394553,PATH_CHEAPEST_ARC,GUIDED_LOCAL_SEARCH,100,1,300,213.58648499999995,0.5475580279999122,4,30,30,0,"[0, 0, 0, 0]",0,0,0,"[838, 0, 0, 10601]",11439,"[2933.394, 0, 0, 25604.43]",28537.824,26544.433000000005,0.12427955354946738,[]
1688454267023364498,PATH_CHEAPEST_ARC,GUIDED_LOCAL_SEARCH,100,1,300,213.58648499999995,0.7008498379991579,4,30,30,0,"[0, 0, 0, 0]",0,0,0,"[838, 0, 0, 10601]",11439,"[2933.394, 0, 0, 25604.43]",28537.824,26544.433000000005,0.12427955354946738,[]
1688453572643263922,PATH_CHEAPEST_ARC,GUIDED_LOCAL_SEARCH,100,1,300,213.58648499999995,0.6056799430002684,4,30,30,0,"[0, 0, 0, 0]",0,0,0,"[838, 0, 0, 10601]",11439,"[2933.394, 0, 0, 25604.43]",28537.824,26544.433000000005,0.12427955354946738,[]
1688453571826966302,PATH_CHEAPEST_ARC,GUIDED_LOCAL_SEARCH,100,1,300,213.58648499999995,0.5947857829996792,4,30,30,0,"[0, 0, 0, 0]",0,0,0,"[838, 0, 0, 10601]",11439,"[2933.394, 0, 0, 25604.43]",28537.824,26544.433000000005,0.12427955354946738,[]
1688453562013889422,PATH_CHEAPEST_ARC,GUIDED_LOCAL_SEARCH,100,1,300,213.58648499999995,0.5997004669998205,4,30,30,0,"[0, 0, 0, 0]",0,0,0,"[838, 0, 0, 10601]",11439,"[2933.394, 0, 0, 25604.43]",28537.824,26544.433000000005,0.12427955354946738,[]
1688454255556066127,PATH_CHEAPEST_ARC,GUIDED_LOCAL_SEARCH,100,1,300,213.58648499999995,0.5211152259998926,4,30,30,0,"[0, 0, 0, 0]",0,0,0,"[838, 0, 0, 10601]",11439,"[2933.394, 0, 0, 25604.43]",28537.824,26544.433000000005,0.12427955354946738,[]
1688453758048780680,PATH_CHEAPEST_ARC,GUIDED_LOCAL_SEARCH,100,1,300,213.58648499999995,0.6772145350000756,4,30,30,0,"[0, 0, 0, 0]",0,0,0,"[838, 0, 0, 10601]",11439,"[2933.394, 0, 0, 25604.43]",28537.824,26544.433000000005,0.12427955354946738,[]
1688453761656695636,PATH_CHEAPEST_ARC,GUIDED_LOCAL_SEARCH,100,1,300,213.58648499999995,0.6275673270001789,4,30,30,0,"[0, 0, 0, 0]",0,0,0,"[838, 0, 0, 10601]",11439,"[2933.394, 0, 0, 25604.43]",28537.824,26544.433000000005,0.12427955354946738,[]
1688454253688974837,PATH_CHEAPEST_ARC,GUIDED_LOCAL_SEARCH,100,1,300,213.58648499999995,0.5193971529997725,4,30,30,0,"[0, 0, 0, 0]",0,0,0,"[838, 0, 0, 10601]",11439,"[2933.394, 0, 0, 25604.43]",28537.824,26544.433000000005,0.12427955354946738,[]
1688453747918528978,PATH_CHEAPEST_ARC,GUIDED_LOCAL_SEARCH,100,1,300,213.58648499999995,0.5514082159997997,4,30,30,0,"[0, 0, 0, 0]",0,0,0,"[838, 0, 0, 10601]",11439,"[2933.394, 0, 0, 25604.43]",28537.824,26544.433000000005,0.12427955354946738,[]
1688454255287728816,PATH_CHEAPEST_ARC,GUIDED_LOCAL_SEARCH,100,1,300,213.58648499999995,0.5452887749997899,4,30,30,0,"[0, 0, 0, 0]",0,0,0,"[838, 0, 0, 10601]",11439,"[2933.394, 0, 0, 25604.43]",28537.824,26544.433000000005,0.12427955354946738,[]
1688453747938592512,PATH_CHEAPEST_ARC,GUIDED_LOCAL_SEARCH,100,1,300,213.58648499999995,0.5830035280000629,4,30,30,0,"[0, 0, 0, 0]",0,0,0,"[838, 0, 0, 10601]",11439,"[2933.394, 0, 0, 25604.43]",28537.824,26544.433000000005,0.12427955354946738,[]
1688453750184102595,PATH_CHEAPEST_ARC,GUIDED_LOCAL_SEARCH,100,1,300,213.58648499999995,0.5917140100000324,4,30,30,0,"[0, 0, 0, 0]",0,0,0,"[838, 0, 0, 10601]",11439,"[2933.394, 0, 0, 25604.43]",28537.824,26544.433000000005,0.12427955354946738,[]
1688453571395216691,PATH_CHEAPEST_ARC,GUIDED_LOCAL_SEARCH,100,1,300,213.58648499999995,0.5808159040002465,4,30,30,0,"[0, 0, 0, 0]",0,0,0,"[838, 0, 0, 10601]",11439,"[2933.394, 0, 0, 25604.43]",28537.824,26544.433000000005,0.12427955354946738,[]
1688453748470641716,PATH_CHEAPEST_ARC,GUIDED_LOCAL_SEARCH,100,1,300,213.58648499999995,0.9331869050001842,4,30,30,0,"[0, 0, 0, 0]",0,0,0,"[838, 0, 0, 10601]",11439,"[2933.394, 0, 0, 25604.43]",28537.824,26544.433000000005,0.12427955354946738,[]
1688453762493475076,PATH_CHEAPEST_ARC,GUIDED_LOCAL_SEARCH,100,1,300,213.58648499999995,0.6318868620001012,4,30,30,0,"[0, 0, 0, 0]",0,0,0,"[838, 0, 0, 10601]",11439,"[2933.394, 0, 0, 25604.43]",28537.824,26544.433000000005,0.12427955354946738,[]
1688453754525959557,PATH_CHEAPEST_ARC,GUIDED_LOCAL_SEARCH,100,1,300,213.58648499999995,0.5842208919998484,4,30,30,0,"[0, 0, 0, 0]",0,0,0,"[838, 0, 0, 10601]",11439,"[2933.394, 0, 0, 25604.43]",28537.824,26544.433000000005,0.12427955354946738,[]
1688453762154077540,PATH_CHEAPEST_ARC,GUIDED_LOCAL_SEARCH,100,1,300,213.58648499999995,0.6366408690000753,4,30,30,0,"[0, 0, 0, 0]",0,0,0,"[838, 0, 0, 10601]",11439,"[2933.394, 0, 0, 25604.43]",28537.824,26544.433000000005,0.12427955354946738,[]
1688454258329418064,PATH_CHEAPEST_ARC,GUIDED_LOCAL_SEARCH,100,1,300,213.58648499999995,0.722152809000363,4,30,30,0,"[0, 0, 0, 0]",0,0,0,"[838, 0, 0, 10601]",11439,"[2933.394, 0, 0, 25604.43]",28537.824,26544.433000000005,0.12427955354946738,[]
1688453573812592521,PATH_CHEAPEST_ARC,GUIDED_LOCAL_SEARCH,100,1,300,213.58648499999995,0.6782943510002042,4,30,30,0,"[0, 0, 0, 0]",0,0,0,"[838, 0, 0, 10601]",11439,"[2933.394, 0, 0, 25604.43]",28537.824,26544.433000000005,0.12427955354946738,[]
1688453572422697228,PATH_CHEAPEST_ARC,GUIDED_LOCAL_SEARCH,100,1,300,213.58648499999995,0.7116275680000399,4,30,30,0,"[0, 0, 0, 0]",0,0,0,"[838, 0, 0, 10601]",11439,"[2933.394, 0, 0, 25604.43]",28537.824,26544.433000000005,0.12427955354946738,[]
1688454266453306017,PATH_CHEAPEST_ARC,GUIDED_LOCAL_SEARCH,100,1,300,213.58648499999995,0.585556147000716,4,30,30,0,"[0, 0, 0, 0]",0,0,0,"[838, 0, 0, 10601]",11439,"[2933.394, 0, 0, 25604.43]",28537.824,26544.433000000005,0.12427955354946738,[]
1688453755530229083,PATH_CHEAPEST_ARC,GUIDED_LOCAL_SEARCH,100,1,300,213.58648499999995,0.5786261090001972,4,30,30,0,"[0, 0, 0, 0]",0,0,0,"[838, 0, 0, 10601]",11439,"[2933.394, 0, 0, 25604.43]",28537.824,26544.433000000005,0.12427955354946738,[]
1688453569741629741,PATH_CHEAPEST_ARC,GUIDED_LOCAL_SEARCH,100,1,300,213.58648499999995,0.5927611100000831,4,30,30,0,"[0, 0, 0, 0]",0,0,0,"[838, 0, 0, 10601]",11439,"[2933.394, 0, 0, 25604.43]",28537.824,26544.433000000005,0.12427955354946738,[]
1688453751032353124,PATH_CHEAPEST_ARC,GUIDED_LOCAL_SEARCH,100,1,300,213.58648499999995,0.6307960220001405,4,30,30,0,"[0, 0, 0, 0]",0,0,0,"[838, 0, 0, 10601]",11439,"[2933.394, 0, 0, 25604.43]",28537.824,26544.433000000005,0.12427955354946738,[]
1688453563313920971,PATH_CHEAPEST_ARC,GUIDED_LOCAL_SEARCH,100,1,300,213.58648499999995,0.6272748819997105,4,30,30,0,"[0, 0, 0, 0]",0,0,0,"[838, 0, 0, 10601]",11439,"[2933.394, 0, 0, 25604.43]",28537.824,26544.433000000005,0.12427955354946738,[]
1688453560566191124,PATH_CHEAPEST_ARC,GUIDED_LOCAL_SEARCH,100,1,300,213.58648499999995,0.5424107469998489,4,30,30,0,"[0, 0, 0, 0]",0,0,0,"[838, 0, 0, 10601]",11439,"[2933.394, 0, 0, 25604.43]",28537.824,26544.433000000005,0.12427955354946738,[]
1688454257993316103,PATH_CHEAPEST_ARC,GUIDED_LOCAL_SEARCH,100,1,300,213.58648499999995,0.8575507340001423,4,30,30,0,"[0, 0, 0, 0]",0,0,0,"[838, 0, 0, 10601]",11439,"[2933.394, 0, 0, 25604.43]",28537.824,26544.433000000005,0.12427955354946738,[]
1688453760380412119,PATH_CHEAPEST_ARC,GUIDED_LOCAL_SEARCH,100,1,300,213.58648499999995,0.6281646480001655,4,30,30,0,"[0, 0, 0, 0]",0,0,0,"[838, 0, 0, 10601]",11439,"[2933.394, 0, 0, 25604.43]",28537.824,26544.433000000005,0.12427955354946738,[]
1688453559211702700,PATH_CHEAPEST_ARC,GUIDED_LOCAL_SEARCH,100,1,300,213.58648499999995,1.3527835089998916,4,30,30,0,"[0, 0, 0, 0]",0,0,0,"[838, 0, 0, 10601]",11439,"[2933.394, 0, 0, 25604.43]",28537.824,26544.433000000005,0.12427955354946738,[]
1688453563491252085,PATH_CHEAPEST_ARC,GUIDED_LOCAL_SEARCH,100,1,300,213.58648499999995,0.5526668269999391,4,30,30,0,"[0, 0, 0, 0]",0,0,0,"[838, 0, 0, 10601]",11439,"[2933.394, 0, 0, 25604.43]",28537.824,26544.433000000005,0.12427955354946738,[]
1688453753077339575,PATH_CHEAPEST_ARC,GUIDED_LOCAL_SEARCH,100,1,300,213.58648499999995,0.6082961480001359,4,30,30,0,"[0, 0, 0, 0]",0,0,0,"[838, 0, 0, 10601]",11439,"[2933.394, 0, 0, 25604.43]",28537.824,26544.433000000005,0.12427955354946738,[]
1688453752523274705,PATH_CHEAPEST_ARC,GUIDED_LOCAL_SEARCH,100,1,300,213.58648499999995,0.5532832600001711,4,30,30,0,"[0, 0, 0, 0]",0,0,0,"[838, 0, 0, 10601]",11439,"[2933.394, 0, 0, 25604.43]",28537.824,26544.433000000005,0.12427955354946738,[]
1688453569988127819,PATH_CHEAPEST_ARC,GUIDED_LOCAL_SEARCH,100,1,300,213.58648499999995,0.7802327589997731,4,30,30,0,"[0, 0, 0, 0]",0,0,0,"[838, 0, 0, 10601]",11439,"[2933.394, 0, 0, 25604.43]",28537.824,26544.433000000005,0.12427955354946738,[]
1688453759435135304,PATH_CHEAPEST_ARC,GUIDED_LOCAL_SEARCH,100,1,300,213.58648499999995,0.5692171690002397,4,30,30,0,"[0, 0, 0, 0]",0,0,0,"[838, 0, 0, 10601]",11439,"[2933.394, 0, 0, 25604.43]",28537.824,26544.433000000005,0.12427955354946738,[]
1688453754303290888,PATH_CHEAPEST_ARC,GUIDED_LOCAL_SEARCH,100,1,300,213.58648499999995,0.6501473430002989,4,30,30,0,"[0, 0, 0, 0]",0,0,0,"[838, 0, 0, 10601]",11439,"[2933.394, 0, 0, 25604.43]",28537.824,26544.433000000005,0.12427955354946738,[]
1688453573470364031,PATH_CHEAPEST_ARC,GUIDED_LOCAL_SEARCH,100,1,300,213.58648499999995,0.560731738999948,4,30,30,0,"[0, 0, 0, 0]",0,0,0,"[838, 0, 0, 10601]",11439,"[2933.394, 0, 0, 25604.43]",28537.824,26544.433000000005,0.12427955354946738,[]
1688453762286230652,PATH_CHEAPEST_ARC,GUIDED_LOCAL_SEARCH,100,1,300,213.58648499999995,0.5685656649998236,4,30,30,0,"[0, 0, 0, 0]",0,0,0,"[838, 0, 0, 10601]",11439,"[2933.394, 0, 0, 25604.43]",28537.824,26544.433000000005,0.12427955354946738,[]
1688453566223934921,PATH_CHEAPEST_ARC,GUIDED_LOCAL_SEARCH,100,1,300,213.58648499999995,0.6212062839999817,4,30,30,0,"[0, 0, 0, 0]",0,0,0,"[838, 0, 0, 10601]",11439,"[2933.394, 0, 0, 25604.43]",28537.824,26544.433000000005,0.12427955354946738,[]
1688453754009194555,PATH_CHEAPEST_ARC,GUIDED_LOCAL_SEARCH,100,1,300,213.58648499999995,0.6757671270001993,4,30,30,0,"[0, 0, 0, 0]",0,0,0,"[838, 0, 0, 10601]",11439,"[2933.394, 0, 0, 25604.43]",28537.824,26544.433000000005,0.12427955354946738,[]
1688453747399366095,PATH_CHEAPEST_ARC,GUIDED_LOCAL_SEARCH,100,1,300,213.58648499999995,0.6671993009999824,4,30,30,0,"[0, 0, 0, 0]",0,0,0,"[838, 0, 0, 10601]",11439,"[2933.394, 0, 0, 25604.43]",28537.824,26544.433000000005,0.12427955354946738,[]
1688454262101270631,PATH_CHEAPEST_ARC,GUIDED_LOCAL_SEARCH,100,1,300,213.58648499999995,0.6213430819998393,4,30,30,0,"[0, 0, 0, 0]",0,0,0,"[838, 0, 0, 10601]",11439,"[2933.394, 0, 0, 25604.43]",28537.824,26544.433000000005,0.12427955354946738,[]
1688454255834110106,PATH_CHEAPEST_ARC,GUIDED_LOCAL_SEARCH,100,1,300,213.58648499999995,0.5344213439993837,4,30,30,0,"[0, 0, 0, 0]",0,0,0,"[838, 0, 0, 10601]",11439,"[2933.394, 0, 0, 25604.43]",28537.824,26544.433000000005,0.12427955354946738,[]
1688454254777160435,PATH_CHEAPEST_ARC,GUIDED_LOCAL_SEARCH,100,1,300,213.58648499999995,0.5203572700002042,4,30,30,0,"[0, 0, 0, 0]",0,0,0,"[838, 0, 0, 10601]",11439,"[2933.394, 0, 0, 25604.43]",28537.824,26544.433000000005,0.12427955354946738,[]
1688454256671092723,PATH_CHEAPEST_ARC,GUIDED_LOCAL_SEARCH,100,1,300,213.58648499999995,0.5961648210004569,4,30,30,0,"[0, 0, 0, 0]",0,0,0,"[838, 0, 0, 10601]",11439,"[2933.394, 0, 0, 25604.43]",28537.824,26544.433000000005,0.12427955354946738,[]
1688453574079525546,PATH_CHEAPEST_ARC,GUIDED_LOCAL_SEARCH,100,1,300,213.58648499999995,0.7388036360002843,4,30,30,0,"[0, 0, 0, 0]",0,0,0,"[838, 0, 0, 10601]",11439,"[2933.394, 0, 0, 25604.43]",28537.824,26544.433000000005,0.12427955354946738,[]
1688453574545304343,PATH_CHEAPEST_ARC,GUIDED_LOCAL_SEARCH,100,1,300,213.58648499999995,0.8820953550002741,4,30,30,0,"[0, 0, 0, 0]",0,0,0,"[838, 0, 0, 10601]",11439,"[2933.394, 0, 0, 25604.43]",28537.824,26544.433000000005,0.12427955354946738,[]
1688454253690274435,PATH_CHEAPEST_ARC,GUIDED_LOCAL_SEARCH,100,1,300,213.58648499999995,0.7462409830004617,4,30,30,0,"[0, 0, 0, 0]",0,0,0,"[838, 0, 0, 10601]",11439,"[2933.394, 0, 0, 25604.43]",28537.824,26544.433000000005,0.12427955354946738,[]
1688453755257397382,PATH_CHEAPEST_ARC,GUIDED_LOCAL_SEARCH,100,1,300,213.58648499999995,0.5412823689998731,4,30,30,0,"[0, 0, 0, 0]",0,0,0,"[838, 0, 0, 10601]",11439,"[2933.394, 0, 0, 25604.43]",28537.824,26544.433000000005,0.12427955354946738,[]
1688453755990881995,PATH_CHEAPEST_ARC,GUIDED_LOCAL_SEARCH,100,1,300,213.58648499999995,0.841990266999801,4,30,30,0,"[0, 0, 0, 0]",0,0,0,"[838, 0, 0, 10601]",11439,"[2933.394, 0, 0, 25604.43]",28537.824,26544.433000000005,0.12427955354946738,[]
1688454261573073439,PATH_CHEAPEST_ARC,GUIDED_LOCAL_SEARCH,100,1,300,213.58648499999995,0.5666784069999267,4,30,30,0,"[0, 0, 0, 0]",0,0,0,"[838, 0, 0, 10601]",11439,"[2933.394, 0, 0, 25604.43]",28537.824,26544.433000000005,0.12427955354946738,[]
1688454263924219598,PATH_CHEAPEST_ARC,GUIDED_LOCAL_SEARCH,100,1,300,213.58648499999995,0.5551054309999017,4,30,30,0,"[0, 0, 0, 0]",0,0,0,"[838, 0, 0, 10601]",11439,"[2933.394, 0, 0, 25604.43]",28537.824,26544.433000000005,0.12427955354946738,[]
1688453566104204125,PATH_CHEAPEST_ARC,GUIDED_LOCAL_SEARCH,100,1,300,213.58648499999995,0.7907058109999525,4,30,30,0,"[0, 0, 0, 0]",0,0,0,"[838, 0, 0, 10601]",11439,"[2933.394, 0, 0, 25604.43]",28537.824,26544.433000000005,0.12427955354946738,[]
1688453561455321966,PATH_CHEAPEST_ARC,GUIDED_LOCAL_SEARCH,100,1,300,213.58648499999995,0.5880576539998401,4,30,30,0,"[0, 0, 0, 0]",0,0,0,"[838, 0, 0, 10601]",11439,"[2933.394, 0, 0, 25604.43]",28537.824,26544.433000000005,0.12427955354946738,[]
1688453572582723698,PATH_CHEAPEST_ARC,GUIDED_LOCAL_SEARCH,100,1,300,213.58648499999995,0.6581726350000281,4,30,30,0,"[0, 0, 0, 0]",0,0,0,"[838, 0, 0, 10601]",11439,"[2933.394, 0, 0, 25604.43]",28537.824,26544.433000000005,0.12427955354946738,[]
1688453565835793721,PATH_CHEAPEST_ARC,GUIDED_LOCAL_SEARCH,100,1,300,213.58648499999995,0.6162688280001021,4,30,30,0,"[0, 0, 0, 0]",0,0,0,"[838, 0, 0, 10601]",11439,"[2933.394, 0, 0, 25604.43]",28537.824,26544.433000000005,0.12427955354946738,[]
1688454258438710945,PATH_CHEAPEST_ARC,GUIDED_LOCAL_SEARCH,100,1,300,213.58648499999995,0.5189657979999538,4,30,30,0,"[0, 0, 0, 0]",0,0,0,"[838, 0, 0, 10601]",11439,"[2933.394, 0, 0, 25604.43]",28537.824,26544.433000000005,0.12427955354946738,[]
1688453752108122344,PATH_CHEAPEST_ARC,GUIDED_LOCAL_SEARCH,100,1,300,213.58648499999995,0.617686324999795,4,30,30,0,"[0, 0, 0, 0]",0,0,0,"[838, 0, 0, 10601]",11439,"[2933.394, 0, 0, 25604.43]",28537.824,26544.433000000005,0.12427955354946738,[]
1688453560551918814,PATH_CHEAPEST_ARC,GUIDED_LOCAL_SEARCH,100,1,300,213.58648499999995,0.560412843999984,4,30,30,0,"[0, 0, 0, 0]",0,0,0,"[838, 0, 0, 10601]",11439,"[2933.394, 0, 0, 25604.43]",28537.824,26544.433000000005,0.12427955354946738,[]
1688454264198592887,PATH_CHEAPEST_ARC,GUIDED_LOCAL_SEARCH,100,1,300,213.58648499999995,0.5599627960000362,4,30,30,0,"[0, 0, 0, 0]",0,0,0,"[838, 0, 0, 10601]",11439,"[2933.394, 0, 0, 25604.43]",28537.824,26544.433000000005,0.12427955354946738,[]
1688453563942307248,PATH_CHEAPEST_ARC,GUIDED_LOCAL_SEARCH,100,1,300,213.58648499999995,0.6051010610003686,4,30,30,0,"[0, 0, 0, 0]",0,0,0,"[838, 0, 0, 10601]",11439,"[2933.394, 0, 0, 25604.43]",28537.824,26544.433000000005,0.12427955354946738,[]
1688453753370071453,PATH_CHEAPEST_ARC,GUIDED_LOCAL_SEARCH,100,1,300,213.58648499999995,0.5860118860000512,4,30,30,0,"[0, 0, 0, 0]",0,0,0,"[838, 0, 0, 10601]",11439,"[2933.394, 0, 0, 25604.43]",28537.824,26544.433000000005,0.12427955354946738,[]
1688454262766796572,PATH_CHEAPEST_ARC,GUIDED_LOCAL_SEARCH,100,1,300,213.58648499999995,0.610191878000478,4,30,30,0,"[0, 0, 0, 0]",0,0,0,"[838, 0, 0, 10601]",11439,"[2933.394, 0, 0, 25604.43]",28537.824,26544.433000000005,0.12427955354946738,[]
1688453567446594960,PATH_CHEAPEST_ARC,GUIDED_LOCAL_SEARCH,100,1,300,213.58648499999995,0.7061576579999382,4,30,30,0,"[0, 0, 0, 0]",0,0,0,"[838, 0, 0, 10601]",11439,"[2933.394, 0, 0, 25604.43]",28537.824,26544.433000000005,0.12427955354946738,[]
1688453566425428532,PATH_CHEAPEST_ARC,GUIDED_LOCAL_SEARCH,100,1,300,213.58648499999995,0.6057204180001463,4,30,30,0,"[0, 0, 0, 0]",0,0,0,"[838, 0, 0, 10601]",11439,"[2933.394, 0, 0, 25604.43]",28537.824,26544.433000000005,0.12427955354946738,[]
1688453761477466750,PATH_CHEAPEST_ARC,GUIDED_LOCAL_SEARCH,100,1,300,213.58648499999995,0.6756819930001257,4,30,30,0,"[0, 0, 0, 0]",0,0,0,"[838, 0, 0, 10601]",11439,"[2933.394, 0, 0, 25604.43]",28537.824,26544.433000000005,0.12427955354946738,[]
1688453763377180956,PATH_CHEAPEST_ARC,GUIDED_LOCAL_SEARCH,100,1,300,213.58648499999995,0.5879525039999862,4,30,30,0,"[0, 0, 0, 0]",0,0,0,"[838, 0, 0, 10601]",11439,"[2933.394, 0, 0, 25604.43]",28537.824,26544.433000000005,0.12427955354946738,[]
1688454254449206269,PATH_CHEAPEST_ARC,GUIDED_LOCAL_SEARCH,100,1,300,213.58648499999995,0.5643987009998455,4,30,30,0,"[0, 0, 0, 0]",0,0,0,"[838, 0, 0, 10601]",11439,"[2933.394, 0, 0, 25604.43]",28537.824,26544.433000000005,0.12427955354946738,[]
1688454264482832848,PATH_CHEAPEST_ARC,GUIDED_LOCAL_SEARCH,100,1,300,213.58648499999995,0.5399467179995554,4,30,30,0,"[0, 0, 0, 0]",0,0,0,"[838, 0, 0, 10601]",11439,"[2933.394, 0, 0, 25604.43]",28537.824,26544.433000000005,0.12427955354946738,[]
1688453564617013049,PATH_CHEAPEST_ARC,GUIDED_LOCAL_SEARCH,100,1,300,213.58648499999995,0.6613438480003424,4,30,30,0,"[0, 0, 0, 0]",0,0,0,"[838, 0, 0, 10601]",11439,"[2933.394, 0, 0, 25604.43]",28537.824,26544.433000000005,0.12427955354946738,[]
1688453753957012291,PATH_CHEAPEST_ARC,GUIDED_LOCAL_SEARCH,100,1,300,213.58648499999995,0.653403150000031,4,30,30,0,"[0, 0, 0, 0]",0,0,0,"[838, 0, 0, 10601]",11439,"[2933.394, 0, 0, 25604.43]",28537.824,26544.433000000005,0.12427955354946738,[]
1688453747399609395,PATH_CHEAPEST_ARC,GUIDED_LOCAL_SEARCH,100,1,300,213.58648499999995,0.5373777790000531,4,30,30,0,"[0, 0, 0, 0]",0,0,0,"[838, 0, 0, 10601]",11439,"[2933.394, 0, 0, 25604.43]",28537.824,26544.433000000005,0.12427955354946738,[]
1688453568215268623,PATH_CHEAPEST_ARC,GUIDED_LOCAL_SEARCH,100,1,300,213.58648499999995,0.6658568879997802,4,30,30,0,"[0, 0, 0, 0]",0,0,0,"[838, 0, 0, 10601]",11439,"[2933.394, 0, 0, 25604.43]",28537.824,26544.433000000005,0.12427955354946738,[]
1688453561113316974,PATH_CHEAPEST_ARC,GUIDED_LOCAL_SEARCH,100,1,300,213.58648499999995,0.6017994779999754,4,30,30,0,"[0, 0, 0, 0]",0,0,0,"[838, 0, 0, 10601]",11439,"[2933.394, 0, 0, 25604.43]",28537.824,26544.433000000005,0.12427955354946738,[]
1688453759240900843,PATH_CHEAPEST_ARC,GUIDED_LOCAL_SEARCH,100,1,300,213.58648499999995,0.554238420999809,4,30,30,0,"[0, 0, 0, 0]",0,0,0,"[838, 0, 0, 10601]",11439,"[2933.394, 0, 0, 25604.43]",28537.824,26544.433000000005,0.12427955354946738,[]
1688454256369740651,PATH_CHEAPEST_ARC,GUIDED_LOCAL_SEARCH,100,1,300,213.58648499999995,0.5660078310002064,4,30,30,0,"[0, 0, 0, 0]",0,0,0,"[838, 0, 0, 10601]",11439,"[2933.394, 0, 0, 25604.43]",28537.824,26544.433000000005,0.12427955354946738,[]
1688453758439734484,PATH_CHEAPEST_ARC,GUIDED_LOCAL_SEARCH,100,1,300,213.58648499999995,0.8004578939999192,4,30,30,0,"[0, 0, 0, 0]",0,0,0,"[838, 0, 0, 10601]",11439,"[2933.394, 0, 0, 25604.43]",28537.824,26544.433000000005,0.12427955354946738,[]
1688454256626546499,PATH_CHEAPEST_ARC,GUIDED_LOCAL_SEARCH,100,1,300,213.58648499999995,0.5820393699996202,4,30,30,0,"[0, 0, 0, 0]",0,0,0,"[838, 0, 0, 10601]",11439,"[2933.394, 0, 0, 25604.43]",28537.824,26544.433000000005,0.12427955354946738,[]
1688453568466696805,PATH_CHEAPEST_ARC,GUIDED_LOCAL_SEARCH,100,1,300,213.58648499999995,0.6796770910000305,4,30,30,0,"[0, 0, 0, 0]",0,0,0,"[838, 0, 0, 10601]",11439,"[2933.394, 0, 0, 25604.43]",28537.824,26544.433000000005,0.12427955354946738,[]
1688453574491825372,PATH_CHEAPEST_ARC,GUIDED_LOCAL_SEARCH,100,1,300,213.58648499999995,0.5957222530000763,4,30,30,0,"[0, 0, 0, 0]",0,0,0,"[838, 0, 0, 10601]",11439,"[2933.394, 0, 0, 25604.43]",28537.824,26544.433000000005,0.12427955354946738,[]
1688453566845906446,PATH_CHEAPEST_ARC,GUIDED_LOCAL_SEARCH,100,1,300,213.58648499999995,0.7625121790001685,4,30,30,0,"[0, 0, 0, 0]",0,0,0,"[838, 0, 0, 10601]",11439,"[2933.394, 0, 0, 25604.43]",28537.824,26544.433000000005,0.12427955354946738,[]
1688453565387980639,PATH_CHEAPEST_ARC,GUIDED_LOCAL_SEARCH,100,1,300,213.58648499999995,0.8350055580003755,4,30,30,0,"[0, 0, 0, 0]",0,0,0,"[838, 0, 0, 10601]",11439,"[2933.394, 0, 0, 25604.43]",28537.824,26544.433000000005,0.12427955354946738,[]
1688453753304174301,PATH_CHEAPEST_ARC,GUIDED_LOCAL_SEARCH,100,1,300,213.58648499999995,0.7040615179998895,4,30,30,0,"[0, 0, 0, 0]",0,0,0,"[838, 0, 0, 10601]",11439,"[2933.394, 0, 0, 25604.43]",28537.824,26544.433000000005,0.12427955354946738,[]
1688453759796121531,PATH_CHEAPEST_ARC,GUIDED_LOCAL_SEARCH,100,1,300,213.58648499999995,0.5643971129998135,4,30,30,0,"[0, 0, 0, 0]",0,0,0,"[838, 0, 0, 10601]",11439,"[2933.394, 0, 0, 25604.43]",28537.824,26544.433000000005,0.12427955354946738,[]
1688453760921445935,PATH_CHEAPEST_ARC,GUIDED_LOCAL_SEARCH,100,1,300,213.58648499999995,0.5548278859996572,4,30,30,0,"[0, 0, 0, 0]",0,0,0,"[838, 0, 0, 10601]",11439,"[2933.394, 0, 0, 25604.43]",28537.824,26544.433000000005,0.12427955354946738,[]
1688453561716824615,PATH_CHEAPEST_ARC,GUIDED_LOCAL_SEARCH,100,1,300,213.58648499999995,0.5708096289999958,4,30,30,0,"[0, 0, 0, 0]",0,0,0,"[838, 0, 0, 10601]",11439,"[2933.394, 0, 0, 25604.43]",28537.824,26544.433000000005,0.12427955354946738,[]
1688453571554786547,PATH_CHEAPEST_ARC,GUIDED_LOCAL_SEARCH,100,1,300,213.58648499999995,0.6170766879999974,4,30,30,0,"[0, 0, 0, 0]",0,0,0,"[838, 0, 0, 10601]",11439,"[2933.394, 0, 0, 25604.43]",28537.824,26544.433000000005,0.12427955354946738,[]
1688454260420385393,PATH_CHEAPEST_ARC,GUIDED_LOCAL_SEARCH,100,1,300,213.58648499999995,0.6119080870003017,4,30,30,0,"[0, 0, 0, 0]",0,0,0,"[838, 0, 0, 10601]",11439,"[2933.394, 0, 0, 25604.43]",28537.824,26544.433000000005,0.12427955354946738,[]
1688453747399761462,PATH_CHEAPEST_ARC,GUIDED_LOCAL_SEARCH,100,1,300,213.58648499999995,0.6709110570000121,4,30,30,0,"[0, 0, 0, 0]",0,0,0,"[838, 0, 0, 10601]",11439,"[2933.394, 0, 0, 25604.43]",28537.824,26544.433000000005,0.12427955354946738,[]
1688454260310711858,PATH_CHEAPEST_ARC,GUIDED_LOCAL_SEARCH,100,1,300,213.58648499999995,0.6375611599996773,4,30,30,0,"[0, 0, 0, 0]",0,0,0,"[838, 0, 0, 10601]",11439,"[2933.394, 0, 0, 25604.43]",28537.824,26544.433000000005,0.12427955354946738,[]
1688453559210547605,PATH_CHEAPEST_ARC,GUIDED_LOCAL_SEARCH,100,1,300,213.58648499999995,1.60532738899974,4,30,30,0,"[0, 0, 0, 0]",0,0,0,"[838, 0, 0, 10601]",11439,"[2933.394, 0, 0, 25604.43]",28537.824,26544.433000000005,0.12427955354946738,[]
1688454260876506324,PATH_CHEAPEST_ARC,GUIDED_LOCAL_SEARCH,100,1,300,213.58648499999995,0.6957920799995918,4,30,30,0,"[0, 0, 0, 0]",0,0,0,"[838, 0, 0, 10601]",11439,"[2933.394, 0, 0, 25604.43]",28537.824,26544.433000000005,0.12427955354946738,[]
1688454253690377202,PATH_CHEAPEST_ARC,GUIDED_LOCAL_SEARCH,100,1,300,213.58648499999995,0.757696863000092,4,30,30,0,"[0, 0, 0, 0]",0,0,0,"[838, 0, 0, 10601]",11439,"[2933.394, 0, 0, 25604.43]",28537.824,26544.433000000005,0.12427955354946738,[]
1688453568873442957,PATH_CHEAPEST_ARC,GUIDED_LOCAL_SEARCH,100,1,300,213.58648499999995,0.6120368030001373,4,30,30,0,"[0, 0, 0, 0]",0,0,0,"[838, 0, 0, 10601]",11439,"[2933.394, 0, 0, 25604.43]",28537.824,26544.433000000005,0.12427955354946738,[]
1688453564519834387,PATH_CHEAPEST_ARC,GUIDED_LOCAL_SEARCH,100,1,300,213.58648499999995,0.5812119010001879,4,30,30,0,"[0, 0, 0, 0]",0,0,0,"[838, 0, 0, 10601]",11439,"[2933.394, 0, 0, 25604.43]",28537.824,26544.433000000005,0.12427955354946738,[]
1688453755799515765,PATH_CHEAPEST_ARC,GUIDED_LOCAL_SEARCH,100,1,300,213.58648499999995,0.6626009169999634,4,30,30,0,"[0, 0, 0, 0]",0,0,0,"[838, 0, 0, 10601]",11439,"[2933.394, 0, 0, 25604.43]",28537.824,26544.433000000005,0.12427955354946738,[]
1688454266982179613,PATH_CHEAPEST_ARC,GUIDED_LOCAL_SEARCH,100,1,300,213.58648499999995,0.6051522790003219,4,30,30,0,"[0, 0, 0, 0]",0,0,0,"[838, 0, 0, 10601]",11439,"[2933.394, 0, 0, 25604.43]",28537.824,26544.433000000005,0.12427955354946738,[]
1688454268495435799,PATH_CHEAPEST_ARC,GUIDED_LOCAL_SEARCH,100,1,300,213.58648499999995,0.5434146359993974,4,30,30,0,"[0, 0, 0, 0]",0,0,0,"[838, 0, 0, 10601]",11439,"[2933.394, 0, 0, 25604.43]",28537.824,26544.433000000005,0.12427955354946738,[]
1688453751460621815,PATH_CHEAPEST_ARC,GUIDED_LOCAL_SEARCH,100,1,300,213.58648499999995,0.6465002560003086,4,30,30,0,"[0, 0, 0, 0]",0,0,0,"[838, 0, 0, 10601]",11439,"[2933.394, 0, 0, 25604.43]",28537.824,26544.433000000005,0.12427955354946738,[]
1688453572009102653,PATH_CHEAPEST_ARC,GUIDED_LOCAL_SEARCH,100,1,300,213.58648499999995,0.6330564609997964,4,30,30,0,"[0, 0, 0, 0]",0,0,0,"[838, 0, 0, 10601]",11439,"[2933.394, 0, 0, 25604.43]",28537.824,26544.433000000005,0.12427955354946738,[]
1688454256131378108,PATH_CHEAPEST_ARC,GUIDED_LOCAL_SEARCH,100,1,300,213.58648499999995,0.5390124339992326,4,30,30,0,"[0, 0, 0, 0]",0,0,0,"[838, 0, 0, 10601]",11439,"[2933.394, 0, 0, 25604.43]",28537.824,26544.433000000005,0.12427955354946738,[]
1688454263953831419,PATH_CHEAPEST_ARC,GUIDED_LOCAL_SEARCH,100,1,300,213.58648499999995,0.8410809189999782,4,30,30,0,"[0, 0, 0, 0]",0,0,0,"[838, 0, 0, 10601]",11439,"[2933.394, 0, 0, 25604.43]",28537.824,26544.433000000005,0.12427955354946738,[]
1688454266465329872,PATH_CHEAPEST_ARC,GUIDED_LOCAL_SEARCH,100,1,300,213.58648499999995,0.5571319820001008,4,30,30,0,"[0, 0, 0, 0]",0,0,0,"[838, 0, 0, 10601]",11439,"[2933.394, 0, 0, 25604.43]",28537.824,26544.433000000005,0.12427955354946738,[]
1688454260258417231,PATH_CHEAPEST_ARC,GUIDED_LOCAL_SEARCH,100,1,300,213.58648499999995,0.61720046299979,4,30,30,0,"[0, 0, 0, 0]",0,0,0,"[838, 0, 0, 10601]",11439,"[2933.394, 0, 0, 25604.43]",28537.824,26544.433000000005,0.12427955354946738,[]
1688453762856174345,PATH_CHEAPEST_ARC,GUIDED_LOCAL_SEARCH,100,1,300,213.58648499999995,0.7556957320002766,4,30,30,0,"[0, 0, 0, 0]",0,0,0,"[838, 0, 0, 10601]",11439,"[2933.394, 0, 0, 25604.43]",28537.824,26544.433000000005,0.12427955354946738,[]
1688454255298535508,PATH_CHEAPEST_ARC,GUIDED_LOCAL_SEARCH,100,1,300,213.58648499999995,0.5639933840002413,4,30,30,0,"[0, 0, 0, 0]",0,0,0,"[838, 0, 0, 10601]",11439,"[2933.394, 0, 0, 25604.43]",28537.824,26544.433000000005,0.12427955354946738,[]
1688454267843623978,PATH_CHEAPEST_ARC,GUIDED_LOCAL_SEARCH,100,1,300,213.58648499999995,0.6509655790005127,4,30,30,0,"[0, 0, 0, 0]",0,0,0,"[838, 0, 0, 10601]",11439,"[2933.394, 0, 0, 25604.43]",28537.824,26544.433000000005,0.12427955354946738,[]
1688453564044676070,PATH_CHEAPEST_ARC,GUIDED_LOCAL_SEARCH,100,1,300,213.58648499999995,0.5713686849999249,4,30,30,0,"[0, 0, 0, 0]",0,0,0,"[838, 0, 0, 10601]",11439,"[2933.394, 0, 0, 25604.43]",28537.824,26544.433000000005,0.12427955354946738,[]
1688454260006507057,PATH_CHEAPEST_ARC,GUIDED_LOCAL_SEARCH,100,1,300,213.58648499999995,0.5917425620000358,4,30,30,0,"[0, 0, 0, 0]",0,0,0,"[838, 0, 0, 10601]",11439,"[2933.394, 0, 0, 25604.43]",28537.824,26544.433000000005,0.12427955354946738,[]
1688454256078186259,PATH_CHEAPEST_ARC,GUIDED_LOCAL_SEARCH,100,1,300,213.58648499999995,0.5474958149998201,4,30,30,0,"[0, 0, 0, 0]",0,0,0,"[838, 0, 0, 10601]",11439,"[2933.394, 0, 0, 25604.43]",28537.824,26544.433000000005,0.12427955354946738,[]
1688453573135158074,PATH_CHEAPEST_ARC,GUIDED_LOCAL_SEARCH,100,1,300,213.58648499999995,0.7530871099997967,4,30,30,0,"[0, 0, 0, 0]",0,0,0,"[838, 0, 0, 10601]",11439,"[2933.394, 0, 0, 25604.43]",28537.824,26544.433000000005,0.12427955354946738,[]
1688453762892188878,PATH_CHEAPEST_ARC,GUIDED_LOCAL_SEARCH,100,1,300,213.58648499999995,0.6638729490000514,4,30,30,0,"[0, 0, 0, 0]",0,0,0,"[838, 0, 0, 10601]",11439,"[2933.394, 0, 0, 25604.43]",28537.824,26544.433000000005,0.12427955354946738,[]
1688454257268326366,PATH_CHEAPEST_ARC,GUIDED_LOCAL_SEARCH,100,1,300,213.58648499999995,0.7240571140000611,4,30,30,0,"[0, 0, 0, 0]",0,0,0,"[838, 0, 0, 10601]",11439,"[2933.394, 0, 0, 25604.43]",28537.824,26544.433000000005,0.12427955354946738,[]
1688453564107579593,PATH_CHEAPEST_ARC,GUIDED_LOCAL_SEARCH,100,1,300,213.58648499999995,0.596889383999951,4,30,30,0,"[0, 0, 0, 0]",0,0,0,"[838, 0, 0, 10601]",11439,"[2933.394, 0, 0, 25604.43]",28537.824,26544.433000000005,0.12427955354946738,[]
1688453575710380144,PATH_CHEAPEST_ARC,GUIDED_LOCAL_SEARCH,100,1,300,213.58648499999995,0.7695427149997158,4,30,30,0,"[0, 0, 0, 0]",0,0,0,"[838, 0, 0, 10601]",11439,"[2933.394, 0, 0, 25604.43]",28537.824,26544.433000000005,0.12427955354946738,[]
1688454254727136463,PATH_CHEAPEST_ARC,GUIDED_LOCAL_SEARCH,100,1,300,213.58648499999995,0.5593863250005597,4,30,30,0,"[0, 0, 0, 0]",0,0,0,"[838, 0, 0, 10601]",11439,"[2933.394, 0, 0, 25604.43]",28537.824,26544.433000000005,0.12427955354946738,[]
1688454266173033824,PATH_CHEAPEST_ARC,GUIDED_LOCAL_SEARCH,100,1,300,213.58648499999995,0.5477112510006918,4,30,30,0,"[0, 0, 0, 0]",0,0,0,"[838, 0, 0, 10601]",11439,"[2933.394, 0, 0, 25604.43]",28537.824,26544.433000000005,0.12427955354946738,[]
1688453568253265368,PATH_CHEAPEST_ARC,GUIDED_LOCAL_SEARCH,100,1,300,213.58648499999995,0.6144189400001778,4,30,30,0,"[0, 0, 0, 0]",0,0,0,"[838, 0, 0, 10601]",11439,"[2933.394, 0, 0, 25604.43]",28537.824,26544.433000000005,0.12427955354946738,[]
1688454265287719320,PATH_CHEAPEST_ARC,GUIDED_LOCAL_SEARCH,100,1,300,213.58648499999995,0.5949214060001395,4,30,30,0,"[0, 0, 0, 0]",0,0,0,"[838, 0, 0, 10601]",11439,"[2933.394, 0, 0, 25604.43]",28537.824,26544.433000000005,0.12427955354946738,[]
1688453565182226763,PATH_CHEAPEST_ARC,GUIDED_LOCAL_SEARCH,100,1,300,213.58648499999995,0.651954621999721,4,30,30,0,"[0, 0, 0, 0]",0,0,0,"[838, 0, 0, 10601]",11439,"[2933.394, 0, 0, 25604.43]",28537.824,26544.433000000005,0.12427955354946738,[]
1688454263642531176,PATH_CHEAPEST_ARC,GUIDED_LOCAL_SEARCH,100,1,300,213.58648499999995,0.555278702000578,4,30,30,0,"[0, 0, 0, 0]",0,0,0,"[838, 0, 0, 10601]",11439,"[2933.394, 0, 0, 25604.43]",28537.824,26544.433000000005,0.12427955354946738,[]
1688453561716120407,PATH_CHEAPEST_ARC,GUIDED_LOCAL_SEARCH,100,1,300,213.58648499999995,0.5662353360003181,4,30,30,0,"[0, 0, 0, 0]",0,0,0,"[838, 0, 0, 10601]",11439,"[2933.394, 0, 0, 25604.43]",28537.824,26544.433000000005,0.12427955354946738,[]
1688453749405073912,PATH_CHEAPEST_ARC,GUIDED_LOCAL_SEARCH,100,1,300,213.58648499999995,0.6821779410001909,4,30,30,0,"[0, 0, 0, 0]",0,0,0,"[838, 0, 0, 10601]",11439,"[2933.394, 0, 0, 25604.43]",28537.824,26544.433000000005,0.12427955354946738,[]
1688453562862082379,PATH_CHEAPEST_ARC,GUIDED_LOCAL_SEARCH,100,1,300,213.58648499999995,0.6280205049997676,4,30,30,0,"[0, 0, 0, 0]",0,0,0,"[838, 0, 0, 10601]",11439,"[2933.394, 0, 0, 25604.43]",28537.824,26544.433000000005,0.12427955354946738,[]
1688453756462975619,PATH_CHEAPEST_ARC,GUIDED_LOCAL_SEARCH,100,1,300,213.58648499999995,0.554983441999866,4,30,30,0,"[0, 0, 0, 0]",0,0,0,"[838, 0, 0, 10601]",11439,"[2933.394, 0, 0, 25604.43]",28537.824,26544.433000000005,0.12427955354946738,[]
1688453575841379976,PATH_CHEAPEST_ARC,GUIDED_LOCAL_SEARCH,100,1,300,213.58648499999995,0.8397482750001473,4,30,30,0,"[0, 0, 0, 0]",0,0,0,"[838, 0, 0, 10601]",11439,"[2933.394, 0, 0, 25604.43]",28537.824,26544.433000000005,0.12427955354946738,[]
1688453757018907890,PATH_CHEAPEST_ARC,GUIDED_LOCAL_SEARCH,100,1,300,213.58648499999995,0.5785730650000005,4,30,30,0,"[0, 0, 0, 0]",0,0,0,"[838, 0, 0, 10601]",11439,"[2933.394, 0, 0, 25604.43]",28537.824,26544.433000000005,0.12427955354946738,[]
1688453570077096253,PATH_CHEAPEST_ARC,GUIDED_LOCAL_SEARCH,100,1,300,213.58648499999995,0.5821584280001844,4,30,30,0,"[0, 0, 0, 0]",0,0,0,"[838, 0, 0, 10601]",11439,"[2933.394, 0, 0, 25604.43]",28537.824,26544.433000000005,0.12427955354946738,[]
1688453756833834909,PATH_CHEAPEST_ARC,GUIDED_LOCAL_SEARCH,100,1,300,213.58648499999995,0.9590276339999946,4,30,30,0,"[0, 0, 0, 0]",0,0,0,"[838, 0, 0, 10601]",11439,"[2933.394, 0, 0, 25604.43]",28537.824,26544.433000000005,0.12427955354946738,[]
1688454261554938860,PATH_CHEAPEST_ARC,GUIDED_LOCAL_SEARCH,100,1,300,213.58648499999995,0.619543535000048,4,30,30,0,"[0, 0, 0, 0]",0,0,0,"[838, 0, 0, 10601]",11439,"[2933.394, 0, 0, 25604.43]",28537.824,26544.433000000005,0.12427955354946738,[]
1688453756220213031,PATH_CHEAPEST_ARC,GUIDED_LOCAL_SEARCH,100,1,300,213.58648499999995,0.8382362470001681,4,30,30,0,"[0, 0, 0, 0]",0,0,0,"[838, 0, 0, 10601]",11439,"[2933.394, 0, 0, 25604.43]",28537.824,26544.433000000005,0.12427955354946738,[]
1688453761767290325,PATH_CHEAPEST_ARC,GUIDED_LOCAL_SEARCH,100,1,300,213.58648499999995,0.7251272309999877,4,30,30,0,"[0, 0, 0, 0]",0,0,0,"[838, 0, 0, 10601]",11439,"[2933.394, 0, 0, 25604.43]",28537.824,26544.433000000005,0.12427955354946738,[]
1688453562638337725,PATH_CHEAPEST_ARC,GUIDED_LOCAL_SEARCH,100,1,300,213.58648499999995,0.7164660089997597,4,30,30,0,"[0, 0, 0, 0]",0,0,0,"[838, 0, 0, 10601]",11439,"[2933.394, 0, 0, 25604.43]",28537.824,26544.433000000005,0.12427955354946738,[]
1688454267588140348,PATH_CHEAPEST_ARC,GUIDED_LOCAL_SEARCH,100,1,300,213.58648499999995,0.664595819999704,4,30,30,0,"[0, 0, 0, 0]",0,0,0,"[838, 0, 0, 10601]",11439,"[2933.394, 0, 0, 25604.43]",28537.824,26544.433000000005,0.12427955354946738,[]
1688453568153871075,PATH_CHEAPEST_ARC,GUIDED_LOCAL_SEARCH,100,1,300,213.58648499999995,0.6145786409997527,4,30,30,0,"[0, 0, 0, 0]",0,0,0,"[838, 0, 0, 10601]",11439,"[2933.394, 0, 0, 25604.43]",28537.824,26544.433000000005,0.12427955354946738,[]
1688454263377744260,PATH_CHEAPEST_ARC,GUIDED_LOCAL_SEARCH,100,1,300,213.58648499999995,0.5747730700004468,4,30,30,0,"[0, 0, 0, 0]",0,0,0,"[838, 0, 0, 10601]",11439,"[2933.394, 0, 0, 25604.43]",28537.824,26544.433000000005,0.12427955354946738,[]
1688453758007305042,PATH_CHEAPEST_ARC,GUIDED_LOCAL_SEARCH,100,1,300,213.58648499999995,0.6740923349998411,4,30,30,0,"[0, 0, 0, 0]",0,0,0,"[838, 0, 0, 10601]",11439,"[2933.394, 0, 0, 25604.43]",28537.824,26544.433000000005,0.12427955354946738,[]
1688454260599921847,PATH_CHEAPEST_ARC,GUIDED_LOCAL_SEARCH,100,1,300,213.58648499999995,0.7374017390002336,4,30,30,0,"[0, 0, 0, 0]",0,0,0,"[838, 0, 0, 10601]",11439,"[2933.394, 0, 0, 25604.43]",28537.824,26544.433000000005,0.12427955354946738,[]
1688453571243079575,PATH_CHEAPEST_ARC,GUIDED_LOCAL_SEARCH,100,1,300,213.58648499999995,0.5830567080001856,4,30,30,0,"[0, 0, 0, 0]",0,0,0,"[838, 0, 0, 10601]",11439,"[2933.394, 0, 0, 25604.43]",28537.824,26544.433000000005,0.12427955354946738,[]
1688453566895951009,PATH_CHEAPEST_ARC,GUIDED_LOCAL_SEARCH,100,1,300,213.58648499999995,0.9277811450001536,4,30,30,0,"[0, 0, 0, 0]",0,0,0,"[838, 0, 0, 10601]",11439,"[2933.394, 0, 0, 25604.43]",28537.824,26544.433000000005,0.12427955354946738,[]
1688453571977147153,PATH_CHEAPEST_ARC,GUIDED_LOCAL_SEARCH,100,1,300,213.58648499999995,0.6045546199998171,4,30,30,0,"[0, 0, 0, 0]",0,0,0,"[838, 0, 0, 10601]",11439,"[2933.394, 0, 0, 25604.43]",28537.824,26544.433000000005,0.12427955354946738,[]
1688453762198123238,PATH_CHEAPEST_ARC,GUIDED_LOCAL_SEARCH,100,1,300,213.58648499999995,0.6929176099997676,4,30,30,0,"[0, 0, 0, 0]",0,0,0,"[838, 0, 0, 10601]",11439,"[2933.394, 0, 0, 25604.43]",28537.824,26544.433000000005,0.12427955354946738,[]
1688454267726274842,PATH_CHEAPEST_ARC,GUIDED_LOCAL_SEARCH,100,1,300,213.58648499999995,0.6546141770004397,4,30,30,0,"[0, 0, 0, 0]",0,0,0,"[838, 0, 0, 10601]",11439,"[2933.394, 0, 0, 25604.43]",28537.824,26544.433000000005,0.12427955354946738,[]
1688453574599217037,PATH_CHEAPEST_ARC,GUIDED_LOCAL_SEARCH,100,1,300,213.58648499999995,0.8521096790000229,4,30,30,0,"[0, 0, 0, 0]",0,0,0,"[838, 0, 0, 10601]",11439,"[2933.394, 0, 0, 25604.43]",28537.824,26544.433000000005,0.12427955354946738,[]
